25-01-2024,10:20:29,15,Python script ejecutado 
25-01-2024,10:22:39,55,Python script ejecutado 
25-01-2024,10:29:03,08,Python script ejecutado 
25-01-2024,10:34:28,53,Python script ejecutado 
25-01-2024,10:36:04,21,Python script ejecutado 
25-01-2024,10:55:02,85,Continua Ejecutandose 
25-01-2024,11:20:01,27,Continua Ejecutandose 
25-01-2024,11:22:18,17,Continua Ejecutandose 
25-01-2024,11:34:42,65,Continua Ejecutandose 
25-01-2024,10:43:53,31,Python script ejecutado 
25-01-2024,11:38:27,32,Python script ejecutado 
25-01-2024,12:05:01,36,Python script ejecutado 
25-01-2024,12:06:26,63,Python script ejecutado 
25-01-2024,12:08:57,81,Python script ejecutado 
25-01-2024,12:15:02,76,Python script ejecutado 
25-01-2024,12:24:04,59,Python script ejecutado 
25-01-2024,12:36:06,88,Python script ejecutado 
25-01-2024,13:21:47,71,Python script ejecutado 
25-01-2024,13:25:25,03,Python script ejecutado 
25-01-2024,13:30:52,55,Python script ejecutado 
25-01-2024,13:32:10,32,Python script ejecutado 
25-01-2024,13:32:56,24,Python script ejecutado 
25-01-2024,15:31:48,29,Continua Ejecutandose 
25-01-2024,15:31:55,06,Continua Ejecutandose 
25-01-2024,15:33:46,74,Python script ejecutado 
25-01-2024,15:45:04,73,Python script ejecutado 
25-01-2024,16:05:03,62,Python script ejecutado 
25-01-2024,19:05:03,04,Python script ejecutado 
25-01-2024,21:05:04,17,Python script ejecutado 
25-01-2024,22:15:03,18,Python script ejecutado 
25-01-2024,23:55:03,83,Python script ejecutado 
26-01-2024, 3:55:03,61,Python script ejecutado 
26-01-2024, 5:05:02,57,Python script ejecutado 
29-01-2024, 9:26:17,30,Python script ejecutado 
29-01-2024,10:55:01,73,Python script ejecutado 
29-01-2024,11:05:05,82,Python script ejecutado 
29-01-2024,11:55:01,24,Python script ejecutado 
29-01-2024,12:25:01,77,Python script ejecutado 
29-01-2024,12:35:01,66,Python script ejecutado 
29-01-2024,14:25:02,34,Python script ejecutado 
29-01-2024,14:35:02,48,Python script ejecutado 
29-01-2024,15:45:03,20,Python script ejecutado 
29-01-2024,15:55:03,85,Python script ejecutado 
29-01-2024,16:25:07,13,Python script ejecutado 
29-01-2024,16:45:04,04,Python script ejecutado 
29-01-2024,17:45:03,51,Python script ejecutado 
29-01-2024,22:25:36,91,Python script ejecutado 
29-01-2024,22:26:04,00,Python script ejecutado 
29-01-2024,22:26:06,33,Python script ejecutado 
29-01-2024,22:30:01,84,Python script ejecutado 
29-01-2024,22:40:02,76,Python script ejecutado 
29-01-2024,22:50:01,84,Python script ejecutado 
29-01-2024,23:00:01,50,Python script ejecutado 
29-01-2024,23:10:01,80,Python script ejecutado 
29-01-2024,23:20:01,61,Python script ejecutado 
29-01-2024,23:30:01,70,Python script ejecutado 
29-01-2024,23:40:01,60,Python script ejecutado 
29-01-2024,23:50:01,73,Python script ejecutado 
30-01-2024, 0:00:01,73,Python script ejecutado 
30-01-2024, 0:10:01,62,Python script ejecutado 
30-01-2024, 0:20:01,65,Python script ejecutado 
30-01-2024, 0:30:01,61,Python script ejecutado 
30-01-2024, 0:40:01,60,Python script ejecutado 
30-01-2024, 0:50:01,50,Python script ejecutado 
30-01-2024, 1:00:01,48,Python script ejecutado 
30-01-2024, 1:10:01,62,Python script ejecutado 
30-01-2024, 1:20:01,64,Python script ejecutado 
30-01-2024, 1:30:01,67,Python script ejecutado 
30-01-2024, 1:40:01,58,Python script ejecutado 
30-01-2024, 1:50:01,59,Python script ejecutado 
30-01-2024, 2:00:01,85,Python script ejecutado 
30-01-2024, 2:10:02,05,Python script ejecutado 
30-01-2024, 2:20:02,70,Python script ejecutado 
30-01-2024, 2:30:01,75,Python script ejecutado 
30-01-2024, 2:40:01,59,Python script ejecutado 
30-01-2024, 2:50:01,78,Python script ejecutado 
30-01-2024, 3:00:03,36,Python script ejecutado 
30-01-2024, 3:10:01,78,Python script ejecutado 
30-01-2024, 3:20:01,64,Python script ejecutado 
30-01-2024, 3:30:01,86,Python script ejecutado 
30-01-2024, 3:40:01,79,Python script ejecutado 
30-01-2024, 3:50:02,30,Python script ejecutado 
30-01-2024, 4:00:01,96,Python script ejecutado 
30-01-2024, 4:10:01,64,Python script ejecutado 
30-01-2024, 4:20:01,63,Python script ejecutado 
30-01-2024, 4:30:01,59,Python script ejecutado 
30-01-2024, 4:40:01,59,Python script ejecutado 
30-01-2024, 4:50:01,56,Python script ejecutado 
30-01-2024, 5:00:01,87,Python script ejecutado 
30-01-2024, 5:10:01,69,Python script ejecutado 
30-01-2024, 5:20:01,74,Python script ejecutado 
30-01-2024, 5:30:01,51,Python script ejecutado 
30-01-2024, 5:40:01,56,Python script ejecutado 
30-01-2024, 5:50:01,63,Python script ejecutado 
30-01-2024, 6:00:01,59,Python script ejecutado 
30-01-2024, 6:10:02,28,Python script ejecutado 
30-01-2024, 6:20:01,73,Python script ejecutado 
30-01-2024, 6:30:01,83,Python script ejecutado 
30-01-2024, 6:40:01,69,Python script ejecutado 
30-01-2024, 6:50:01,74,Python script ejecutado 
30-01-2024, 7:00:02,05,Python script ejecutado 
30-01-2024, 7:10:01,63,Python script ejecutado 
30-01-2024, 7:20:01,59,Python script ejecutado 
30-01-2024, 7:30:01,72,Python script ejecutado 
30-01-2024, 7:40:01,54,Python script ejecutado 
30-01-2024, 7:50:01,66,Python script ejecutado 
30-01-2024, 8:00:01,76,Python script ejecutado 
30-01-2024, 8:10:01,72,Python script ejecutado 
30-01-2024, 8:20:01,72,Python script ejecutado 
30-01-2024, 8:30:01,57,Python script ejecutado 
30-01-2024, 8:40:01,68,Python script ejecutado 
30-01-2024, 8:50:01,62,Python script ejecutado 
30-01-2024, 9:00:01,75,Python script ejecutado 
30-01-2024, 9:10:01,59,Python script ejecutado 
30-01-2024, 9:20:01,64,Python script ejecutado 
30-01-2024, 9:30:01,71,Python script ejecutado 
30-01-2024, 9:40:04,06,Python script ejecutado 
30-01-2024, 9:50:10,82,Python script ejecutado 
30-01-2024,10:00:01,92,Python script ejecutado 
30-01-2024,10:05:52,73,Python script ejecutado 
30-01-2024,10:10:01,63,Python script ejecutado 
30-01-2024,10:34:22,02,Python script ejecutado 
30-01-2024,11:10:01,54,Python script ejecutado 
30-01-2024,11:40:01,80,Python script ejecutado 
30-01-2024,12:10:01,70,Python script ejecutado 
30-01-2024,12:30:01,83,Python script ejecutado 
30-01-2024,12:50:02,50,Python script ejecutado 
30-01-2024,14:00:01,67,Python script ejecutado 
30-01-2024,15:10:02,34,Python script ejecutado 
30-01-2024,17:00:06,72,Python script ejecutado 
30-01-2024,18:50:01,70,Python script ejecutado 
30-01-2024,20:30:01,65,Python script ejecutado 
30-01-2024,22:20:05,22,Python script ejecutado 
30-01-2024,23:20:02,66,Python script ejecutado 
31-01-2024, 0:50:02,64,Python script ejecutado 
31-01-2024, 3:00:03,32,Python script ejecutado 
31-01-2024, 3:30:03,40,Python script ejecutado 
31-01-2024, 5:40:07,88,Python script ejecutado 
31-01-2024, 7:00:05,79,Python script ejecutado 
31-01-2024, 7:40:02,69,Python script ejecutado 
31-01-2024, 8:50:02,74,Python script ejecutado 
31-01-2024,10:10:02,68,Python script ejecutado 
31-01-2024,11:40:03,57,Python script ejecutado 
31-01-2024,13:00:02,78,Python script ejecutado 
31-01-2024,13:40:02,80,Python script ejecutado 
31-01-2024,15:20:02,70,Python script ejecutado 
31-01-2024,16:20:07,29,Python script ejecutado 
31-01-2024,18:40:03,84,Python script ejecutado 
31-01-2024,20:30:07,68,Python script ejecutado 
31-01-2024,20:40:08,59,Python script ejecutado 
31-01-2024,22:10:02,64,Python script ejecutado 
31-01-2024,23:30:02,94,Python script ejecutado 
01-02-2024, 0:30:02,64,Python script ejecutado 
01-02-2024, 2:20:02,61,Python script ejecutado 
01-02-2024, 4:00:04,68,Python script ejecutado 
01-02-2024,17:04:53,46,Python script ejecutado 
01-02-2024,22:03:10,65,Python script ejecutado 
01-02-2024,23:30:13,13,Python script ejecutado 
02-02-2024, 0:40:03,56,Python script ejecutado 
02-02-2024, 2:10:03,78,Python script ejecutado 
02-02-2024, 3:00:04,83,Python script ejecutado 
02-02-2024, 4:20:04,33,Python script ejecutado 
02-02-2024, 5:10:03,36,Python script ejecutado 
02-02-2024, 6:50:04,90,Python script ejecutado 
02-02-2024, 7:50:03,41,Python script ejecutado 
02-02-2024, 9:30:03,28,Python script ejecutado 
02-02-2024,11:10:03,08,Python script ejecutado 
02-02-2024,12:40:03,51,Python script ejecutado 
02-02-2024,13:40:03,28,Python script ejecutado 
02-02-2024,15:50:05,64,Python script ejecutado 
02-02-2024,16:20:03,13,Python script ejecutado 
02-02-2024,17:50:04,02,Python script ejecutado 
02-02-2024,18:30:06,43,Python script ejecutado 
02-02-2024,21:20:03,77,Python script ejecutado 
02-02-2024,22:50:02,12,Python script ejecutado 
03-02-2024, 0:50:02,67,Python script ejecutado 
03-02-2024, 2:10:04,62,Python script ejecutado 
03-02-2024, 3:40:02,17,Python script ejecutado 
03-02-2024, 4:40:03,73,Python script ejecutado 
03-02-2024, 5:10:02,78,Python script ejecutado 
03-02-2024, 6:10:02,55,Python script ejecutado 
03-02-2024, 7:50:09,21,Python script ejecutado 
03-02-2024, 8:50:02,45,Python script ejecutado 
03-02-2024, 9:40:11,50,Python script ejecutado 
03-02-2024,11:20:13,53,Python script ejecutado 
03-02-2024,12:40:02,74,Python script ejecutado 
03-02-2024,14:30:05,64,Python script ejecutado 
03-02-2024,14:40:22,79,Python script ejecutado 
03-02-2024,15:20:02,40,Python script ejecutado 
03-02-2024,16:40:06,80,Python script ejecutado 
03-02-2024,17:20:02,38,Python script ejecutado 
03-02-2024,18:50:04,68,Python script ejecutado 
03-02-2024,19:50:02,37,Python script ejecutado 
03-02-2024,21:00:03,20,Python script ejecutado 
03-02-2024,21:40:02,42,Python script ejecutado 
03-02-2024,22:30:02,02,Python script ejecutado 
04-02-2024, 0:10:13,83,Python script ejecutado 
04-02-2024, 1:10:02,64,Python script ejecutado 
04-02-2024, 1:50:02,68,Python script ejecutado 
04-02-2024, 2:10:06,76,Python script ejecutado 
04-02-2024, 2:40:02,40,Python script ejecutado 
04-02-2024, 5:00:08,85,Python script ejecutado 
04-02-2024, 6:20:03,60,Python script ejecutado 
04-02-2024, 7:30:02,58,Python script ejecutado 
04-02-2024, 7:50:02,28,Python script ejecutado 
04-02-2024,10:00:03,64,Python script ejecutado 
04-02-2024,11:10:03,02,Python script ejecutado 
04-02-2024,12:30:07,29,Python script ejecutado 
04-02-2024,13:20:03,10,Python script ejecutado 
04-02-2024,13:40:03,04,Python script ejecutado 
04-02-2024,15:00:02,63,Python script ejecutado 
04-02-2024,17:10:03,44,Python script ejecutado 
04-02-2024,17:40:02,19,Python script ejecutado 
04-02-2024,18:00:04,70,Python script ejecutado 
04-02-2024,20:10:02,35,Python script ejecutado 
04-02-2024,21:10:03,44,Python script ejecutado 
04-02-2024,21:50:08,02,Python script ejecutado 
04-02-2024,22:40:06,10,Python script ejecutado 
05-02-2024, 0:40:04,06,Python script ejecutado 
05-02-2024, 1:50:04,36,Python script ejecutado 
05-02-2024, 3:20:06,13,Python script ejecutado 
05-02-2024, 5:10:11,43,Python script ejecutado 
05-02-2024, 6:30:07,90,Python script ejecutado 
05-02-2024, 6:50:05,75,Python script ejecutado 
05-02-2024, 8:10:02,64,Python script ejecutado 
05-02-2024, 8:20:08,64,Python script ejecutado 
05-02-2024, 9:10:02,77,Python script ejecutado 
05-02-2024,10:10:02,51,Python script ejecutado 
05-02-2024,10:40:02,64,Python script ejecutado 
05-02-2024,19:19:09,59,Python script ejecutado 
05-02-2024,19:20:01,87,Python script ejecutado 
05-02-2024,19:30:01,92,Python script ejecutado 
05-02-2024,19:40:01,79,Python script ejecutado 
05-02-2024,19:50:01,84,Python script ejecutado 
05-02-2024,20:00:02,24,Python script ejecutado 
05-02-2024,20:10:01,85,Python script ejecutado 
05-02-2024,20:20:01,85,Python script ejecutado 
05-02-2024,20:30:01,87,Python script ejecutado 
05-02-2024,20:40:01,90,Python script ejecutado 
05-02-2024,20:50:01,92,Python script ejecutado 
05-02-2024,21:00:01,82,Python script ejecutado 
05-02-2024,21:10:01,88,Python script ejecutado 
05-02-2024,21:20:01,96,Python script ejecutado 
05-02-2024,21:30:01,83,Python script ejecutado 
05-02-2024,21:39:22,37,Python script ejecutado 
05-02-2024,21:40:01,85,Python script ejecutado 
05-02-2024,21:45:07,26,Python script ejecutado 
05-02-2024,21:50:02,44,Python script ejecutado 
05-02-2024,22:10:02,07,Python script ejecutado 
05-02-2024,22:30:01,96,Python script ejecutado 
05-02-2024,22:50:02,66,Python script ejecutado 
05-02-2024,23:00:02,83,Python script ejecutado 
05-02-2024,23:10:02,71,Python script ejecutado 
06-02-2024, 1:30:02,76,Python script ejecutado 
06-02-2024, 3:00:02,70,Python script ejecutado 
06-02-2024, 4:10:03,06,Python script ejecutado 
06-02-2024, 4:50:02,78,Python script ejecutado 
06-02-2024, 5:10:02,97,Python script ejecutado 
06-02-2024, 6:30:07,27,Python script ejecutado 
06-02-2024, 8:00:02,79,Python script ejecutado 
06-02-2024, 9:20:02,65,Python script ejecutado 
06-02-2024, 9:30:02,66,Python script ejecutado 
06-02-2024, 9:40:02,78,Python script ejecutado 
06-02-2024, 9:50:02,86,Python script ejecutado 
06-02-2024,10:00:02,73,Python script ejecutado 
06-02-2024,10:10:02,73,Python script ejecutado 
06-02-2024,10:20:02,72,Python script ejecutado 
06-02-2024,10:30:02,74,Python script ejecutado 
06-02-2024,10:40:02,65,Python script ejecutado 
06-02-2024,10:50:02,78,Python script ejecutado 
06-02-2024,11:00:02,64,Python script ejecutado 
06-02-2024,11:10:02,66,Python script ejecutado 
06-02-2024,11:20:02,61,Python script ejecutado 
06-02-2024,11:30:02,72,Python script ejecutado 
06-02-2024,13:35:40,94,Python script ejecutado 
06-02-2024,18:10:11,34,Python script ejecutado 
06-02-2024,19:10:01,93,Python script ejecutado 
06-02-2024,21:10:02,06,Python script ejecutado 
06-02-2024,22:40:02,97,Python script ejecutado 
07-02-2024, 0:20:02,04,Python script ejecutado 
07-02-2024, 1:00:04,66,Python script ejecutado 
07-02-2024, 2:20:02,07,Python script ejecutado 
07-02-2024, 3:50:02,00,Python script ejecutado 
07-02-2024, 4:40:02,86,Python script ejecutado 
07-02-2024, 5:30:07,14,Python script ejecutado 
07-02-2024, 6:30:03,29,Python script ejecutado 
07-02-2024, 7:50:03,44,Python script ejecutado 
07-02-2024, 9:10:02,84,Python script ejecutado 
07-02-2024,10:50:03,23,Python script ejecutado 
07-02-2024,12:40:03,01,Python script ejecutado 
07-02-2024,13:10:02,84,Python script ejecutado 
07-02-2024,14:30:14,10,Python script ejecutado 
07-02-2024,14:40:03,37,Python script ejecutado 
07-02-2024,15:20:02,64,Python script ejecutado 
07-02-2024,15:40:08,12,Python script ejecutado 
07-02-2024,16:10:06,35,Python script ejecutado 
07-02-2024,17:50:02,83,Python script ejecutado 
07-02-2024,18:20:02,49,Python script ejecutado 
07-02-2024,20:00:02,97,Python script ejecutado 
07-02-2024,20:50:03,09,Python script ejecutado 
07-02-2024,21:50:02,60,Python script ejecutado 
07-02-2024,22:10:05,50,Python script ejecutado 
07-02-2024,23:30:10,27,Python script ejecutado 
08-02-2024, 1:30:03,01,Python script ejecutado 
08-02-2024, 2:30:09,83,Python script ejecutado 
08-02-2024, 4:00:03,70,Python script ejecutado 
08-02-2024, 4:50:07,80,Python script ejecutado 
08-02-2024, 6:20:06,63,Python script ejecutado 
08-02-2024, 7:10:02,89,Python script ejecutado 
08-02-2024, 9:20:03,34,Python script ejecutado 
08-02-2024,10:10:08,01,Python script ejecutado 
08-02-2024,11:30:02,92,Python script ejecutado 
08-02-2024,11:40:03,11,Python script ejecutado 
08-02-2024,13:20:02,97,Python script ejecutado 
08-02-2024,13:50:03,05,Python script ejecutado 
08-02-2024,15:40:07,96,Python script ejecutado 
08-02-2024,16:50:03,17,Python script ejecutado 
08-02-2024,17:50:03,84,Python script ejecutado 
08-02-2024,19:30:09,29,Python script ejecutado 
08-02-2024,20:40:02,86,Python script ejecutado 
08-02-2024,21:50:03,09,Python script ejecutado 
08-02-2024,22:10:08,81,Python script ejecutado 
08-02-2024,22:50:02,99,Python script ejecutado 
09-02-2024, 0:40:03,74,Python script ejecutado 
09-02-2024, 2:20:03,13,Python script ejecutado 
09-02-2024, 3:30:03,54,Python script ejecutado 
09-02-2024, 4:20:03,27,Python script ejecutado 
09-02-2024, 5:10:02,86,Python script ejecutado 
09-02-2024, 5:50:06,52,Python script ejecutado 
09-02-2024, 7:40:07,44,Python script ejecutado 
09-02-2024, 8:30:03,04,Python script ejecutado 
09-02-2024, 8:50:03,38,Python script ejecutado 
09-02-2024, 9:30:03,19,Python script ejecutado 
09-02-2024,10:30:02,94,Python script ejecutado 
09-02-2024,11:10:03,13,Python script ejecutado 
09-02-2024,11:30:03,05,Python script ejecutado 
09-02-2024,13:30:02,85,Python script ejecutado 
09-02-2024,15:00:04,03,Python script ejecutado 
09-02-2024,16:00:03,18,Python script ejecutado 
09-02-2024,16:40:08,73,Python script ejecutado 
09-02-2024,18:30:02,93,Python script ejecutado 
09-02-2024,19:40:03,21,Python script ejecutado 
09-02-2024,20:00:09,29,Python script ejecutado 
09-02-2024,21:00:04,18,Python script ejecutado 
09-02-2024,21:50:03,03,Python script ejecutado 
09-02-2024,23:40:02,22,Python script ejecutado 
10-02-2024, 0:10:02,54,Python script ejecutado 
10-02-2024, 0:30:02,53,Python script ejecutado 
10-02-2024, 1:30:02,07,Python script ejecutado 
10-02-2024, 3:00:09,34,Python script ejecutado 
10-02-2024, 3:40:02,07,Python script ejecutado 
10-02-2024, 5:40:02,54,Python script ejecutado 
10-02-2024, 6:30:04,69,Python script ejecutado 
10-02-2024, 7:00:08,47,Python script ejecutado 
10-02-2024, 8:20:04,84,Python script ejecutado 
10-02-2024, 9:10:02,15,Python script ejecutado 
10-02-2024,11:10:01,95,Python script ejecutado 
10-02-2024,11:20:02,49,Python script ejecutado 
10-02-2024,11:30:08,05,Python script ejecutado 
10-02-2024,11:40:04,25,Python script ejecutado 
10-02-2024,11:50:02,03,Python script ejecutado 
10-02-2024,12:00:05,77,Python script ejecutado 
10-02-2024,12:10:08,03,Python script ejecutado 
10-02-2024,12:20:01,95,Python script ejecutado 
10-02-2024,12:30:06,73,Python script ejecutado 
10-02-2024,12:40:05,35,Python script ejecutado 
10-02-2024,12:50:05,54,Python script ejecutado 
10-02-2024,13:00:05,91,Python script ejecutado 
10-02-2024,13:10:08,86,Python script ejecutado 
10-02-2024,13:20:14,08,Python script ejecutado 
10-02-2024,13:30:02,02,Python script ejecutado 
10-02-2024,13:40:02,04,Python script ejecutado 
10-02-2024,13:50:06,79,Python script ejecutado 
10-02-2024,14:00:06,15,Python script ejecutado 
10-02-2024,14:10:05,91,Python script ejecutado 
10-02-2024,14:20:06,18,Python script ejecutado 
10-02-2024,14:30:05,40,Python script ejecutado 
10-02-2024,14:40:06,01,Python script ejecutado 
10-02-2024,14:50:06,32,Python script ejecutado 
10-02-2024,15:00:07,58,Python script ejecutado 
10-02-2024,15:10:02,05,Python script ejecutado 
10-02-2024,15:20:06,12,Python script ejecutado 
10-02-2024,15:30:02,00,Python script ejecutado 
10-02-2024,15:40:02,19,Python script ejecutado 
10-02-2024,15:50:07,57,Python script ejecutado 
10-02-2024,16:00:06,31,Python script ejecutado 
10-02-2024,16:10:02,04,Python script ejecutado 
10-02-2024,16:20:01,92,Python script ejecutado 
10-02-2024,16:30:02,00,Python script ejecutado 
10-02-2024,16:40:01,82,Python script ejecutado 
10-02-2024,16:50:01,99,Python script ejecutado 
10-02-2024,17:00:01,95,Python script ejecutado 
10-02-2024,17:10:01,90,Python script ejecutado 
10-02-2024,17:20:02,34,Python script ejecutado 
10-02-2024,17:30:02,08,Python script ejecutado 
10-02-2024,17:40:01,90,Python script ejecutado 
10-02-2024,17:50:01,89,Python script ejecutado 
10-02-2024,18:00:01,87,Python script ejecutado 
10-02-2024,18:10:01,83,Python script ejecutado 
10-02-2024,18:20:01,95,Python script ejecutado 
10-02-2024,18:30:01,83,Python script ejecutado 
10-02-2024,18:40:02,94,Python script ejecutado 
10-02-2024,18:50:01,95,Python script ejecutado 
10-02-2024,19:00:01,92,Python script ejecutado 
10-02-2024,19:10:01,99,Python script ejecutado 
10-02-2024,19:20:01,94,Python script ejecutado 
10-02-2024,19:30:01,99,Python script ejecutado 
10-02-2024,19:40:02,06,Python script ejecutado 
10-02-2024,19:50:02,07,Python script ejecutado 
10-02-2024,20:00:01,95,Python script ejecutado 
10-02-2024,20:10:02,02,Python script ejecutado 
10-02-2024,20:20:01,95,Python script ejecutado 
10-02-2024,20:30:01,87,Python script ejecutado 
10-02-2024,20:40:01,89,Python script ejecutado 
10-02-2024,20:50:01,86,Python script ejecutado 
10-02-2024,21:00:01,90,Python script ejecutado 
10-02-2024,21:10:01,88,Python script ejecutado 
10-02-2024,21:20:01,89,Python script ejecutado 
10-02-2024,21:30:01,90,Python script ejecutado 
10-02-2024,21:40:01,93,Python script ejecutado 
10-02-2024,21:50:01,96,Python script ejecutado 
10-02-2024,22:00:02,00,Python script ejecutado 
10-02-2024,22:10:02,19,Python script ejecutado 
10-02-2024,22:20:01,94,Python script ejecutado 
10-02-2024,22:30:01,49,Python script ejecutado 
10-02-2024,22:40:01,93,Python script ejecutado 
10-02-2024,22:50:02,04,Python script ejecutado 
10-02-2024,23:00:01,93,Python script ejecutado 
10-02-2024,23:10:02,01,Python script ejecutado 
10-02-2024,23:20:01,92,Python script ejecutado 
10-02-2024,23:30:01,83,Python script ejecutado 
10-02-2024,23:40:01,97,Python script ejecutado 
10-02-2024,23:50:02,00,Python script ejecutado 
11-02-2024, 0:00:02,16,Python script ejecutado 
11-02-2024, 0:10:01,90,Python script ejecutado 
11-02-2024, 0:20:01,95,Python script ejecutado 
11-02-2024, 0:30:02,00,Python script ejecutado 
11-02-2024, 0:40:01,98,Python script ejecutado 
11-02-2024, 0:50:01,91,Python script ejecutado 
11-02-2024, 1:00:01,99,Python script ejecutado 
11-02-2024, 1:10:01,89,Python script ejecutado 
11-02-2024, 1:20:01,94,Python script ejecutado 
11-02-2024, 1:30:02,03,Python script ejecutado 
11-02-2024, 1:40:01,86,Python script ejecutado 
11-02-2024, 1:50:01,91,Python script ejecutado 
11-02-2024, 2:00:01,91,Python script ejecutado 
11-02-2024, 2:10:01,83,Python script ejecutado 
11-02-2024, 2:20:01,97,Python script ejecutado 
11-02-2024, 2:30:02,39,Python script ejecutado 
11-02-2024, 2:40:01,96,Python script ejecutado 
11-02-2024, 2:50:01,90,Python script ejecutado 
11-02-2024, 3:00:02,01,Python script ejecutado 
11-02-2024, 3:10:01,91,Python script ejecutado 
11-02-2024, 3:20:01,98,Python script ejecutado 
11-02-2024, 3:30:01,93,Python script ejecutado 
11-02-2024, 3:40:01,95,Python script ejecutado 
11-02-2024, 3:50:01,98,Python script ejecutado 
11-02-2024, 4:00:01,96,Python script ejecutado 
11-02-2024, 4:10:01,90,Python script ejecutado 
11-02-2024, 4:20:01,92,Python script ejecutado 
11-02-2024, 4:30:01,91,Python script ejecutado 
11-02-2024, 4:40:02,01,Python script ejecutado 
11-02-2024, 4:50:01,95,Python script ejecutado 
11-02-2024, 5:00:01,86,Python script ejecutado 
11-02-2024, 5:10:01,86,Python script ejecutado 
11-02-2024, 5:20:01,99,Python script ejecutado 
11-02-2024, 5:30:01,95,Python script ejecutado 
11-02-2024, 5:40:01,94,Python script ejecutado 
11-02-2024, 5:50:01,93,Python script ejecutado 
11-02-2024, 6:00:02,23,Python script ejecutado 
11-02-2024, 6:10:02,01,Python script ejecutado 
11-02-2024, 6:20:02,06,Python script ejecutado 
11-02-2024, 6:30:01,86,Python script ejecutado 
11-02-2024, 6:40:01,92,Python script ejecutado 
11-02-2024, 6:50:01,94,Python script ejecutado 
11-02-2024, 7:00:01,94,Python script ejecutado 
11-02-2024, 7:10:02,02,Python script ejecutado 
11-02-2024, 7:20:01,88,Python script ejecutado 
11-02-2024, 7:30:01,87,Python script ejecutado 
11-02-2024, 7:40:02,42,Python script ejecutado 
11-02-2024, 7:50:01,94,Python script ejecutado 
11-02-2024, 8:00:01,89,Python script ejecutado 
11-02-2024, 8:10:02,10,Python script ejecutado 
11-02-2024, 8:20:01,95,Python script ejecutado 
11-02-2024, 8:30:01,98,Python script ejecutado 
11-02-2024, 8:40:01,98,Python script ejecutado 
11-02-2024, 8:50:02,02,Python script ejecutado 
11-02-2024, 9:00:02,22,Python script ejecutado 
11-02-2024, 9:10:01,98,Python script ejecutado 
11-02-2024, 9:20:02,17,Python script ejecutado 
11-02-2024, 9:30:01,97,Python script ejecutado 
11-02-2024, 9:40:02,12,Python script ejecutado 
11-02-2024, 9:50:01,88,Python script ejecutado 
11-02-2024,10:00:02,11,Python script ejecutado 
11-02-2024,10:10:02,08,Python script ejecutado 
11-02-2024,10:20:01,97,Python script ejecutado 
11-02-2024,10:30:02,09,Python script ejecutado 
11-02-2024,10:40:01,95,Python script ejecutado 
11-02-2024,10:50:01,98,Python script ejecutado 
11-02-2024,11:00:01,95,Python script ejecutado 
11-02-2024,11:10:01,97,Python script ejecutado 
11-02-2024,11:20:01,98,Python script ejecutado 
11-02-2024,11:30:02,05,Python script ejecutado 
11-02-2024,11:40:01,86,Python script ejecutado 
11-02-2024,11:50:02,12,Python script ejecutado 
11-02-2024,12:00:02,81,Python script ejecutado 
11-02-2024,12:10:02,05,Python script ejecutado 
11-02-2024,12:20:01,94,Python script ejecutado 
11-02-2024,12:30:01,95,Python script ejecutado 
11-02-2024,12:40:01,88,Python script ejecutado 
11-02-2024,12:50:01,96,Python script ejecutado 
11-02-2024,13:00:02,09,Python script ejecutado 
11-02-2024,13:10:01,92,Python script ejecutado 
11-02-2024,13:20:02,13,Python script ejecutado 
11-02-2024,13:30:02,09,Python script ejecutado 
11-02-2024,13:40:01,94,Python script ejecutado 
11-02-2024,13:50:02,01,Python script ejecutado 
11-02-2024,14:00:02,08,Python script ejecutado 
11-02-2024,14:10:01,95,Python script ejecutado 
11-02-2024,14:20:02,04,Python script ejecutado 
11-02-2024,14:30:01,95,Python script ejecutado 
11-02-2024,14:40:01,97,Python script ejecutado 
11-02-2024,14:50:02,06,Python script ejecutado 
11-02-2024,15:00:02,05,Python script ejecutado 
11-02-2024,15:10:01,92,Python script ejecutado 
11-02-2024,15:20:01,97,Python script ejecutado 
11-02-2024,15:30:01,96,Python script ejecutado 
11-02-2024,15:40:02,09,Python script ejecutado 
11-02-2024,15:50:02,21,Python script ejecutado 
11-02-2024,16:00:02,00,Python script ejecutado 
11-02-2024,16:10:02,12,Python script ejecutado 
11-02-2024,16:20:02,02,Python script ejecutado 
11-02-2024,16:30:01,96,Python script ejecutado 
11-02-2024,16:40:01,89,Python script ejecutado 
11-02-2024,16:50:02,00,Python script ejecutado 
11-02-2024,17:00:02,01,Python script ejecutado 
11-02-2024,17:10:01,93,Python script ejecutado 
11-02-2024,17:20:02,05,Python script ejecutado 
11-02-2024,17:30:01,97,Python script ejecutado 
11-02-2024,17:40:01,89,Python script ejecutado 
11-02-2024,17:50:01,96,Python script ejecutado 
11-02-2024,18:00:02,14,Python script ejecutado 
11-02-2024,18:10:01,93,Python script ejecutado 
11-02-2024,18:20:01,96,Python script ejecutado 
11-02-2024,18:30:01,89,Python script ejecutado 
11-02-2024,18:40:02,23,Python script ejecutado 
11-02-2024,18:50:01,93,Python script ejecutado 
11-02-2024,19:00:01,95,Python script ejecutado 
11-02-2024,19:10:01,85,Python script ejecutado 
11-02-2024,19:20:01,97,Python script ejecutado 
11-02-2024,19:30:01,88,Python script ejecutado 
11-02-2024,19:40:01,95,Python script ejecutado 
11-02-2024,19:50:01,87,Python script ejecutado 
11-02-2024,20:00:01,87,Python script ejecutado 
11-02-2024,20:10:01,86,Python script ejecutado 
11-02-2024,20:20:01,90,Python script ejecutado 
11-02-2024,20:30:01,99,Python script ejecutado 
11-02-2024,20:40:02,41,Python script ejecutado 
11-02-2024,20:50:01,94,Python script ejecutado 
11-02-2024,21:00:01,91,Python script ejecutado 
11-02-2024,21:10:01,87,Python script ejecutado 
11-02-2024,21:20:01,89,Python script ejecutado 
11-02-2024,21:30:01,86,Python script ejecutado 
11-02-2024,21:40:01,95,Python script ejecutado 
11-02-2024,21:50:01,97,Python script ejecutado 
11-02-2024,22:00:01,89,Python script ejecutado 
11-02-2024,22:10:02,05,Python script ejecutado 
11-02-2024,22:20:02,00,Python script ejecutado 
11-02-2024,22:30:01,40,Python script ejecutado 
11-02-2024,22:30:02,41,Python script ejecutado 
11-02-2024,22:40:01,89,Python script ejecutado 
11-02-2024,22:50:01,98,Python script ejecutado 
11-02-2024,23:00:01,92,Python script ejecutado 
11-02-2024,23:10:01,92,Python script ejecutado 
11-02-2024,23:20:01,97,Python script ejecutado 
11-02-2024,23:30:01,93,Python script ejecutado 
11-02-2024,23:40:01,95,Python script ejecutado 
11-02-2024,23:50:01,97,Python script ejecutado 
12-02-2024, 0:00:02,00,Python script ejecutado 
12-02-2024, 0:10:01,92,Python script ejecutado 
12-02-2024, 0:20:01,97,Python script ejecutado 
12-02-2024, 0:30:01,90,Python script ejecutado 
12-02-2024, 0:40:01,96,Python script ejecutado 
12-02-2024, 0:50:01,93,Python script ejecutado 
12-02-2024, 1:00:01,95,Python script ejecutado 
12-02-2024, 1:10:01,93,Python script ejecutado 
12-02-2024, 1:20:01,91,Python script ejecutado 
12-02-2024, 1:30:01,90,Python script ejecutado 
12-02-2024, 1:40:01,88,Python script ejecutado 
12-02-2024, 1:50:01,91,Python script ejecutado 
12-02-2024, 2:00:01,93,Python script ejecutado 
12-02-2024, 2:10:01,88,Python script ejecutado 
12-02-2024, 2:20:02,02,Python script ejecutado 
12-02-2024, 2:30:01,98,Python script ejecutado 
12-02-2024, 2:40:01,91,Python script ejecutado 
12-02-2024, 2:50:01,92,Python script ejecutado 
12-02-2024, 3:00:01,98,Python script ejecutado 
12-02-2024, 3:10:01,90,Python script ejecutado 
12-02-2024, 3:20:01,91,Python script ejecutado 
12-02-2024, 3:30:01,90,Python script ejecutado 
12-02-2024, 3:40:01,94,Python script ejecutado 
12-02-2024, 3:50:01,93,Python script ejecutado 
12-02-2024, 4:00:01,94,Python script ejecutado 
12-02-2024, 4:10:02,03,Python script ejecutado 
12-02-2024, 4:20:01,98,Python script ejecutado 
12-02-2024, 4:30:01,90,Python script ejecutado 
12-02-2024, 4:40:01,96,Python script ejecutado 
12-02-2024, 4:50:01,86,Python script ejecutado 
12-02-2024, 5:00:01,97,Python script ejecutado 
12-02-2024, 5:10:02,08,Python script ejecutado 
12-02-2024, 5:20:01,89,Python script ejecutado 
12-02-2024, 5:30:01,95,Python script ejecutado 
12-02-2024, 5:40:01,93,Python script ejecutado 
12-02-2024, 5:50:01,86,Python script ejecutado 
12-02-2024, 6:00:02,06,Python script ejecutado 
12-02-2024, 6:10:01,91,Python script ejecutado 
12-02-2024, 6:20:01,91,Python script ejecutado 
12-02-2024, 6:30:01,91,Python script ejecutado 
12-02-2024, 6:40:01,86,Python script ejecutado 
12-02-2024, 6:50:01,89,Python script ejecutado 
12-02-2024, 7:00:01,98,Python script ejecutado 
12-02-2024, 7:10:01,92,Python script ejecutado 
12-02-2024, 7:20:01,90,Python script ejecutado 
12-02-2024, 7:30:01,96,Python script ejecutado 
12-02-2024, 7:40:01,94,Python script ejecutado 
12-02-2024, 7:50:01,91,Python script ejecutado 
12-02-2024, 8:00:01,89,Python script ejecutado 
12-02-2024, 8:10:01,90,Python script ejecutado 
12-02-2024, 8:20:01,92,Python script ejecutado 
12-02-2024, 8:30:01,95,Python script ejecutado 
12-02-2024, 8:40:01,87,Python script ejecutado 
12-02-2024, 8:50:01,98,Python script ejecutado 
12-02-2024, 9:00:01,94,Python script ejecutado 
12-02-2024, 9:10:01,99,Python script ejecutado 
12-02-2024, 9:20:02,38,Python script ejecutado 
12-02-2024, 9:30:02,09,Python script ejecutado 
12-02-2024, 9:40:02,02,Python script ejecutado 
12-02-2024, 9:50:02,03,Python script ejecutado 
12-02-2024,10:00:02,18,Python script ejecutado 
12-02-2024,10:07:34,29,Python script ejecutado 
12-02-2024,10:13:30,04,Python script ejecutado 
12-02-2024,16:38:58,08,Python script ejecutado 
12-02-2024,18:30:33,28,Python script ejecutado 
12-02-2024,18:30:37,56,Python script ejecutado 
12-02-2024,20:40:21,99,Python script ejecutado 
12-02-2024,19:33:53,82,Python script ejecutado 
12-02-2024,19:24:20,61,Python script ejecutado 
12-02-2024,20:21:10,15,Python script ejecutado 
12-02-2024,18:50:19,92,Python script ejecutado 
12-02-2024,20:50:23,51,Python script ejecutado 
12-02-2024,19:10:52,06,Python script ejecutado 
12-02-2024,19:00:32,13,Python script ejecutado 
12-02-2024,21:00:11,85,Python script ejecutado 
12-02-2024,21:10:07,56,Python script ejecutado 
12-02-2024,18:40:45,65,Python script ejecutado 
12-02-2024,21:40:04,52,Python script ejecutado 
12-02-2024,22:00:08,71,Python script ejecutado 
12-02-2024,23:10:09,31,Python script ejecutado 
13-02-2024, 0:20:02,29,Python script ejecutado 
13-02-2024, 0:40:02,20,Python script ejecutado 
13-02-2024, 0:50:01,97,Python script ejecutado 
13-02-2024, 1:50:02,10,Python script ejecutado 
13-02-2024, 3:10:06,91,Python script ejecutado 
13-02-2024, 4:50:04,11,Python script ejecutado 
13-02-2024, 6:30:14,85,Python script ejecutado 
13-02-2024, 8:10:18,94,Python script ejecutado 
13-02-2024, 8:20:08,21,Python script ejecutado 
13-02-2024,10:05:23,17,Python script ejecutado 
13-02-2024,14:30:12,25,Python script ejecutado 
13-02-2024,16:30:02,33,Python script ejecutado 
13-02-2024,16:50:02,20,Python script ejecutado 
13-02-2024,18:40:02,59,Python script ejecutado 
13-02-2024,20:20:02,77,Python script ejecutado 
13-02-2024,22:00:02,35,Python script ejecutado 
13-02-2024,23:00:02,64,Python script ejecutado 
14-02-2024, 0:00:02,72,Python script ejecutado 
14-02-2024, 3:40:07,09,Python script ejecutado 
14-02-2024, 9:00:01,98,Python script ejecutado 
14-02-2024,10:10:03,97,Python script ejecutado 
14-02-2024,11:40:06,36,Python script ejecutado 
14-02-2024,13:30:02,31,Python script ejecutado 
14-02-2024,15:20:01,83,Python script ejecutado 
14-02-2024,16:00:01,91,Python script ejecutado 
14-02-2024,16:20:01,75,Python script ejecutado 
14-02-2024,18:10:01,98,Python script ejecutado 
14-02-2024,19:20:01,97,Python script ejecutado 
14-02-2024,21:00:05,23,Python script ejecutado 
14-02-2024,22:30:02,15,Python script ejecutado 
14-02-2024,23:00:02,70,Python script ejecutado 
15-02-2024, 0:00:03,02,Python script ejecutado 
15-02-2024, 1:00:02,67,Python script ejecutado 
15-02-2024, 1:50:08,22,Python script ejecutado 
15-02-2024, 4:10:02,83,Python script ejecutado 
15-02-2024, 5:50:02,58,Python script ejecutado 
15-02-2024, 6:40:04,05,Python script ejecutado 
15-02-2024, 7:10:02,60,Python script ejecutado 
15-02-2024, 8:30:07,95,Python script ejecutado 
15-02-2024,12:20:02,84,Python script ejecutado 
15-02-2024,12:30:12,30,Continua Ejecutandose 
15-02-2024,12:29:32,85,Python script ejecutado 
15-02-2024,14:03:01,00,Python script ejecutado 
15-02-2024,15:10:03,15,Python script ejecutado 
15-02-2024,15:20:03,12,Python script ejecutado 
15-02-2024,16:26:31,33,Python script ejecutado 
15-02-2024,18:13:19,39,Python script ejecutado 
15-02-2024,19:00:06,62,Python script ejecutado 
15-02-2024,19:10:24,75,Python script ejecutado 
15-02-2024,20:30:02,69,Python script ejecutado 
15-02-2024,22:20:02,75,Python script ejecutado 
15-02-2024,23:10:02,71,Python script ejecutado 
16-02-2024, 1:20:03,99,Python script ejecutado 
16-02-2024, 2:10:03,06,Python script ejecutado 
16-02-2024, 4:10:09,61,Python script ejecutado 
16-02-2024, 5:10:02,52,Python script ejecutado 
16-02-2024, 6:40:02,70,Python script ejecutado 
16-02-2024, 8:30:02,92,Python script ejecutado 
16-02-2024,10:40:02,60,Python script ejecutado 
20-02-2024,11:25:46,89,Python script ejecutado 
20-02-2024,11:40:02,66,Python script ejecutado 
20-02-2024,11:50:02,62,Python script ejecutado 
20-02-2024,12:00:02,74,Python script ejecutado 
20-02-2024,12:10:02,71,Python script ejecutado 
20-02-2024,12:20:02,72,Python script ejecutado 
20-02-2024,12:30:03,06,Python script ejecutado 
20-02-2024,12:40:02,61,Python script ejecutado 
20-02-2024,12:50:02,74,Python script ejecutado 
20-02-2024,13:00:02,79,Python script ejecutado 
20-02-2024,13:10:02,67,Python script ejecutado 
20-02-2024,13:20:02,65,Python script ejecutado 
20-02-2024,13:30:02,67,Python script ejecutado 
20-02-2024,13:40:02,63,Python script ejecutado 
20-02-2024,14:00:02,75,Python script ejecutado 
20-02-2024,14:10:02,66,Python script ejecutado 
20-02-2024,14:20:02,83,Python script ejecutado 
20-02-2024,15:30:02,86,Python script ejecutado 
20-02-2024,17:00:03,71,Python script ejecutado 
20-02-2024,18:40:06,96,Python script ejecutado 
20-02-2024,19:00:02,71,Python script ejecutado 
20-02-2024,19:30:03,62,Python script ejecutado 
20-02-2024,20:40:02,79,Python script ejecutado 
20-02-2024,22:10:02,70,Python script ejecutado 
21-02-2024, 5:10:02,88,Python script ejecutado 
21-02-2024, 6:10:02,75,Python script ejecutado 
21-02-2024, 7:20:02,82,Python script ejecutado 
21-02-2024,10:50:03,26,Python script ejecutado 
21-02-2024,12:00:03,57,Python script ejecutado 
21-02-2024,12:10:02,62,Python script ejecutado 
21-02-2024,12:20:02,64,Python script ejecutado 
21-02-2024,12:30:02,67,Python script ejecutado 
21-02-2024,12:40:02,63,Python script ejecutado 
21-02-2024,12:50:02,71,Python script ejecutado 
21-02-2024,13:00:02,99,Python script ejecutado 
21-02-2024,16:00:02,77,Python script ejecutado 
21-02-2024,21:10:02,85,Python script ejecutado 
22-02-2024, 2:00:02,93,Python script ejecutado 
22-02-2024,12:00:03,13,Python script ejecutado 
22-02-2024,13:30:02,84,Python script ejecutado 
22-02-2024,14:10:02,72,Python script ejecutado 
22-02-2024,21:00:06,35,Python script ejecutado 
22-02-2024,23:10:06,88,Python script ejecutado 
23-02-2024, 2:00:15,48,Python script ejecutado 
23-02-2024, 4:30:02,93,Python script ejecutado 
23-02-2024, 6:10:02,71,Python script ejecutado 
23-02-2024, 7:00:02,82,Python script ejecutado 
23-02-2024, 9:00:11,92,Python script ejecutado 
23-02-2024, 9:40:07,59,Python script ejecutado 
23-02-2024,10:40:02,70,Python script ejecutado 
23-02-2024,13:10:07,36,Python script ejecutado 
27-02-2024,17:46:58,39,Python script ejecutado 
27-02-2024,18:00:01,83,Python script ejecutado 
27-02-2024,17:50:01,94,Python script ejecutado 
27-02-2024,18:10:01,88,Python script ejecutado 
27-02-2024,18:30:01,92,Python script ejecutado 
27-02-2024,18:40:01,90,Python script ejecutado 
27-02-2024,19:30:01,88,Python script ejecutado 
28-02-2024, 2:20:02,20,Python script ejecutado 
28-02-2024, 4:20:02,34,Python script ejecutado 
28-02-2024, 9:10:02,33,Python script ejecutado 
28-02-2024,11:20:02,23,Python script ejecutado 
28-02-2024,11:40:02,33,Python script ejecutado 
28-02-2024,13:00:02,33,Python script ejecutado 
28-02-2024,13:10:02,75,Python script ejecutado 
28-02-2024,14:10:02,81,Python script ejecutado 
28-02-2024,14:50:03,42,Python script ejecutado 
28-02-2024,23:20:02,33,Python script ejecutado 
29-02-2024, 0:50:02,70,Python script ejecutado 
29-02-2024, 2:00:02,73,Python script ejecutado 
29-02-2024, 6:00:03,92,Python script ejecutado 
29-02-2024,13:50:02,42,Python script ejecutado 
01-03-2024, 0:20:03,16,Python script ejecutado 
01-03-2024, 2:10:02,42,Python script ejecutado 
01-03-2024, 4:00:02,71,Python script ejecutado 
01-03-2024, 8:10:09,76,Python script ejecutado 
01-03-2024, 9:00:09,45,Python script ejecutado 
01-03-2024,10:30:02,86,Python script ejecutado 
01-03-2024,11:10:07,12,Python script ejecutado 
01-03-2024,12:20:05,68,Python script ejecutado 
01-03-2024,12:50:02,79,Python script ejecutado 
01-03-2024,13:20:03,76,Python script ejecutado 
01-03-2024,13:40:02,43,Python script ejecutado 
01-03-2024,14:00:02,63,Python script ejecutado 
01-03-2024,15:30:02,92,Python script ejecutado 
01-03-2024,16:00:02,90,Python script ejecutado 
01-03-2024,16:10:02,56,Python script ejecutado 
01-03-2024,19:10:09,28,Python script ejecutado 
01-03-2024,20:30:02,39,Python script ejecutado 
01-03-2024,20:50:09,27,Python script ejecutado 
01-03-2024,21:20:02,66,Python script ejecutado 
01-03-2024,22:10:05,20,Python script ejecutado 
01-03-2024,23:30:07,28,Python script ejecutado 
02-03-2024, 0:30:07,42,Python script ejecutado 
02-03-2024, 1:20:07,45,Python script ejecutado 
02-03-2024, 1:40:14,08,Python script ejecutado 
02-03-2024, 2:40:12,72,Python script ejecutado 
02-03-2024, 3:00:10,32,Python script ejecutado 
04-03-2024,20:57:44,05,Python script ejecutado 
05-03-2024, 5:40:04,49,Python script ejecutado 
05-03-2024, 9:20:06,73,Python script ejecutado 
05-03-2024,10:00:04,19,Python script ejecutado 
05-03-2024,13:10:02,78,Python script ejecutado 
05-03-2024,14:10:02,64,Python script ejecutado 
05-03-2024,14:40:03,01,Python script ejecutado 
05-03-2024,16:20:02,84,Python script ejecutado 
05-03-2024,16:40:02,91,Python script ejecutado 
05-03-2024,18:40:03,84,Python script ejecutado 
05-03-2024,21:50:38,71,Python script ejecutado 
05-03-2024,23:30:03,29,Python script ejecutado 
06-03-2024, 0:00:03,21,Python script ejecutado 
06-03-2024, 0:30:02,60,Python script ejecutado 
06-03-2024, 0:50:03,90,Python script ejecutado 
06-03-2024, 2:10:04,88,Python script ejecutado 
06-03-2024, 2:20:11,85,Python script ejecutado 
06-03-2024, 2:30:06,64,Python script ejecutado 
06-03-2024, 4:20:02,70,Python script ejecutado 
06-03-2024, 4:40:04,98,Python script ejecutado 
06-03-2024, 6:10:02,52,Python script ejecutado 
06-03-2024, 8:30:02,58,Python script ejecutado 
06-03-2024, 9:00:02,75,Python script ejecutado 
06-03-2024,10:00:02,67,Python script ejecutado 
06-03-2024,11:00:03,56,Python script ejecutado 
06-03-2024,14:30:02,56,Python script ejecutado 
06-03-2024,15:50:02,42,Python script ejecutado 
06-03-2024,16:40:02,65,Python script ejecutado 
06-03-2024,19:50:02,67,Python script ejecutado 
06-03-2024,23:40:02,67,Python script ejecutado 
07-03-2024, 2:30:02,83,Python script ejecutado 
07-03-2024, 2:40:02,59,Python script ejecutado 
07-03-2024, 3:00:05,42,Python script ejecutado 
07-03-2024, 3:30:02,63,Python script ejecutado 
07-03-2024, 5:10:02,60,Python script ejecutado 
07-03-2024, 7:10:02,57,Python script ejecutado 
07-03-2024, 7:20:02,88,Python script ejecutado 
07-03-2024, 9:50:02,59,Python script ejecutado 
07-03-2024,14:10:02,63,Python script ejecutado 
07-03-2024,14:20:02,73,Python script ejecutado 
07-03-2024,15:10:02,59,Python script ejecutado 
07-03-2024,15:20:02,57,Python script ejecutado 
07-03-2024,17:20:02,76,Python script ejecutado 
07-03-2024,18:20:02,80,Python script ejecutado 
07-03-2024,19:30:02,55,Python script ejecutado 
07-03-2024,20:20:02,82,Python script ejecutado 
08-03-2024, 1:10:02,62,Python script ejecutado 
08-03-2024, 1:20:03,56,Python script ejecutado 
08-03-2024, 2:20:03,83,Python script ejecutado 
08-03-2024, 6:40:02,67,Python script ejecutado 
08-03-2024, 8:00:03,23,Python script ejecutado 
08-03-2024, 8:50:02,77,Python script ejecutado 
08-03-2024,10:10:02,67,Python script ejecutado 
08-03-2024,10:50:02,64,Python script ejecutado 
08-03-2024,13:40:02,68,Python script ejecutado 
08-03-2024,14:10:02,69,Python script ejecutado 
08-03-2024,16:40:02,61,Python script ejecutado 
08-03-2024,19:40:03,31,Python script ejecutado 
08-03-2024,21:10:02,72,Python script ejecutado 
08-03-2024,23:30:02,85,Python script ejecutado 
09-03-2024, 0:10:02,74,Python script ejecutado 
09-03-2024, 0:50:02,85,Python script ejecutado 
09-03-2024, 2:30:03,95,Python script ejecutado 
09-03-2024, 4:10:07,88,Python script ejecutado 
09-03-2024, 7:20:02,74,Python script ejecutado 
09-03-2024, 7:40:03,00,Python script ejecutado 
09-03-2024, 8:10:03,36,Python script ejecutado 
09-03-2024, 8:50:02,73,Python script ejecutado 
09-03-2024,12:10:02,97,Python script ejecutado 
09-03-2024,12:40:02,80,Python script ejecutado 
09-03-2024,14:10:02,79,Python script ejecutado 
09-03-2024,16:30:02,85,Python script ejecutado 
09-03-2024,18:30:02,69,Python script ejecutado 
09-03-2024,18:40:02,72,Python script ejecutado 
09-03-2024,18:50:02,86,Python script ejecutado 
09-03-2024,19:00:02,86,Python script ejecutado 
09-03-2024,19:10:02,72,Python script ejecutado 
09-03-2024,19:20:02,69,Python script ejecutado 
09-03-2024,19:30:02,80,Python script ejecutado 
09-03-2024,19:40:02,77,Python script ejecutado 
09-03-2024,19:50:02,84,Python script ejecutado 
09-03-2024,20:00:03,03,Python script ejecutado 
09-03-2024,20:10:02,70,Python script ejecutado 
09-03-2024,20:30:02,82,Python script ejecutado 
09-03-2024,20:40:02,83,Python script ejecutado 
09-03-2024,20:50:02,76,Python script ejecutado 
09-03-2024,21:00:03,15,Python script ejecutado 
09-03-2024,21:20:02,67,Python script ejecutado 
09-03-2024,21:30:02,78,Python script ejecutado 
09-03-2024,21:40:02,72,Python script ejecutado 
09-03-2024,22:00:03,00,Python script ejecutado 
09-03-2024,22:20:02,78,Python script ejecutado 
09-03-2024,22:30:02,90,Python script ejecutado 
09-03-2024,22:30:02,32,Python script ejecutado 
09-03-2024,22:40:02,95,Python script ejecutado 
09-03-2024,22:50:02,68,Python script ejecutado 
09-03-2024,23:00:02,99,Python script ejecutado 
09-03-2024,23:30:02,66,Python script ejecutado 
09-03-2024,23:50:02,67,Python script ejecutado 
10-03-2024, 0:10:02,68,Python script ejecutado 
10-03-2024, 0:30:02,61,Python script ejecutado 
10-03-2024, 0:40:02,68,Python script ejecutado 
10-03-2024, 0:50:02,72,Python script ejecutado 
10-03-2024, 1:00:02,84,Python script ejecutado 
10-03-2024, 1:10:02,59,Python script ejecutado 
10-03-2024, 1:20:02,89,Python script ejecutado 
10-03-2024, 1:30:02,58,Python script ejecutado 
10-03-2024, 1:40:02,66,Python script ejecutado 
10-03-2024, 1:50:02,65,Python script ejecutado 
10-03-2024, 2:00:02,75,Python script ejecutado 
10-03-2024, 2:10:02,76,Python script ejecutado 
10-03-2024, 2:20:02,68,Python script ejecutado 
10-03-2024, 2:30:02,67,Python script ejecutado 
10-03-2024, 2:40:02,71,Python script ejecutado 
10-03-2024, 2:50:02,63,Python script ejecutado 
10-03-2024, 3:00:03,11,Python script ejecutado 
10-03-2024, 3:10:02,71,Python script ejecutado 
10-03-2024, 3:30:02,65,Python script ejecutado 
10-03-2024, 3:40:02,81,Python script ejecutado 
10-03-2024, 3:50:02,72,Python script ejecutado 
10-03-2024, 4:00:02,91,Python script ejecutado 
10-03-2024, 4:20:02,86,Python script ejecutado 
10-03-2024, 4:30:02,66,Python script ejecutado 
10-03-2024, 4:40:03,27,Python script ejecutado 
10-03-2024, 4:50:02,72,Python script ejecutado 
10-03-2024, 5:00:03,07,Python script ejecutado 
10-03-2024, 5:20:02,74,Python script ejecutado 
10-03-2024, 5:30:02,78,Python script ejecutado 
10-03-2024, 5:40:02,79,Python script ejecutado 
10-03-2024, 6:00:03,14,Python script ejecutado 
10-03-2024, 6:20:02,76,Python script ejecutado 
10-03-2024, 6:30:02,74,Python script ejecutado 
10-03-2024, 6:40:02,70,Python script ejecutado 
10-03-2024, 6:50:02,87,Python script ejecutado 
10-03-2024, 7:00:03,09,Python script ejecutado 
10-03-2024, 7:30:02,59,Python script ejecutado 
10-03-2024, 7:40:02,65,Python script ejecutado 
10-03-2024, 8:00:02,73,Python script ejecutado 
10-03-2024, 8:10:02,76,Python script ejecutado 
10-03-2024, 8:20:02,72,Python script ejecutado 
10-03-2024, 8:30:02,66,Python script ejecutado 
10-03-2024, 8:40:02,64,Python script ejecutado 
10-03-2024, 8:50:02,77,Python script ejecutado 
10-03-2024, 9:00:03,06,Python script ejecutado 
10-03-2024, 9:10:02,66,Python script ejecutado 
10-03-2024, 9:40:02,79,Python script ejecutado 
10-03-2024, 9:50:02,66,Python script ejecutado 
10-03-2024,10:00:02,87,Python script ejecutado 
10-03-2024,10:10:02,73,Python script ejecutado 
10-03-2024,10:30:02,68,Python script ejecutado 
10-03-2024,10:50:02,82,Python script ejecutado 
10-03-2024,11:00:03,07,Python script ejecutado 
10-03-2024,11:10:02,68,Python script ejecutado 
10-03-2024,11:50:02,69,Python script ejecutado 
10-03-2024,12:00:03,03,Python script ejecutado 
10-03-2024,12:10:02,74,Python script ejecutado 
10-03-2024,12:20:03,14,Python script ejecutado 
10-03-2024,12:40:02,83,Python script ejecutado 
10-03-2024,12:50:02,64,Python script ejecutado 
10-03-2024,13:00:02,87,Python script ejecutado 
10-03-2024,13:10:02,79,Python script ejecutado 
10-03-2024,13:30:02,61,Python script ejecutado 
10-03-2024,13:40:02,65,Python script ejecutado 
10-03-2024,13:50:02,79,Python script ejecutado 
10-03-2024,14:00:03,05,Python script ejecutado 
10-03-2024,14:10:02,57,Python script ejecutado 
10-03-2024,14:30:02,68,Python script ejecutado 
10-03-2024,14:40:02,72,Python script ejecutado 
10-03-2024,14:50:02,76,Python script ejecutado 
10-03-2024,15:00:02,89,Python script ejecutado 
10-03-2024,15:10:02,74,Python script ejecutado 
10-03-2024,15:20:02,76,Python script ejecutado 
10-03-2024,15:30:02,66,Python script ejecutado 
10-03-2024,15:50:02,71,Python script ejecutado 
10-03-2024,16:00:02,95,Python script ejecutado 
10-03-2024,16:10:02,70,Python script ejecutado 
10-03-2024,16:20:02,74,Python script ejecutado 
10-03-2024,16:30:02,77,Python script ejecutado 
10-03-2024,16:40:02,71,Python script ejecutado 
10-03-2024,16:50:02,75,Python script ejecutado 
10-03-2024,17:00:02,71,Python script ejecutado 
10-03-2024,17:10:02,68,Python script ejecutado 
10-03-2024,17:20:02,64,Python script ejecutado 
10-03-2024,17:30:02,72,Python script ejecutado 
10-03-2024,17:40:02,65,Python script ejecutado 
10-03-2024,17:50:02,61,Python script ejecutado 
10-03-2024,18:00:02,95,Python script ejecutado 
10-03-2024,18:10:02,62,Python script ejecutado 
10-03-2024,18:30:02,64,Python script ejecutado 
10-03-2024,18:40:02,59,Python script ejecutado 
10-03-2024,18:50:02,63,Python script ejecutado 
10-03-2024,19:00:02,85,Python script ejecutado 
10-03-2024,19:10:02,62,Python script ejecutado 
10-03-2024,19:20:02,74,Python script ejecutado 
10-03-2024,19:30:02,56,Python script ejecutado 
10-03-2024,19:40:02,63,Python script ejecutado 
10-03-2024,19:50:02,64,Python script ejecutado 
10-03-2024,20:00:03,00,Python script ejecutado 
10-03-2024,20:10:02,62,Python script ejecutado 
10-03-2024,20:20:02,67,Python script ejecutado 
10-03-2024,20:30:02,63,Python script ejecutado 
10-03-2024,20:50:02,94,Python script ejecutado 
10-03-2024,21:00:02,93,Python script ejecutado 
10-03-2024,21:10:02,69,Python script ejecutado 
10-03-2024,21:20:02,61,Python script ejecutado 
10-03-2024,21:30:02,61,Python script ejecutado 
10-03-2024,21:40:02,57,Python script ejecutado 
10-03-2024,22:00:02,85,Python script ejecutado 
10-03-2024,22:10:02,62,Python script ejecutado 
10-03-2024,22:20:02,64,Python script ejecutado 
10-03-2024,22:30:02,66,Python script ejecutado 
10-03-2024,22:30:02,34,Python script ejecutado 
10-03-2024,22:40:02,69,Python script ejecutado 
10-03-2024,22:50:02,73,Python script ejecutado 
10-03-2024,23:00:02,85,Python script ejecutado 
10-03-2024,23:10:02,69,Python script ejecutado 
10-03-2024,23:30:02,71,Python script ejecutado 
10-03-2024,23:40:02,75,Python script ejecutado 
10-03-2024,23:50:02,67,Python script ejecutado 
11-03-2024, 0:00:03,04,Python script ejecutado 
11-03-2024, 0:10:02,67,Python script ejecutado 
11-03-2024, 0:20:02,71,Python script ejecutado 
11-03-2024, 0:30:02,75,Python script ejecutado 
11-03-2024, 0:40:02,69,Python script ejecutado 
11-03-2024, 0:50:02,69,Python script ejecutado 
11-03-2024, 1:10:02,76,Python script ejecutado 
11-03-2024, 1:20:02,77,Python script ejecutado 
11-03-2024, 1:30:03,10,Python script ejecutado 
11-03-2024, 1:40:02,73,Python script ejecutado 
11-03-2024, 1:50:02,71,Python script ejecutado 
11-03-2024, 2:00:02,80,Python script ejecutado 
11-03-2024, 2:10:02,63,Python script ejecutado 
11-03-2024, 2:20:02,78,Python script ejecutado 
11-03-2024, 2:30:02,79,Python script ejecutado 
11-03-2024, 2:40:02,66,Python script ejecutado 
13-03-2024,21:15:11,95,Python script ejecutado 
14-03-2024, 0:40:03,08,Python script ejecutado 
14-03-2024, 1:40:03,24,Python script ejecutado 
14-03-2024, 2:20:03,07,Python script ejecutado 
14-03-2024, 5:20:02,57,Python script ejecutado 
14-03-2024, 5:30:02,59,Python script ejecutado 
14-03-2024, 5:40:02,40,Python script ejecutado 
14-03-2024, 5:50:02,45,Python script ejecutado 
14-03-2024, 6:00:03,04,Python script ejecutado 
14-03-2024, 6:10:02,46,Python script ejecutado 
14-03-2024, 6:20:02,56,Python script ejecutado 
14-03-2024, 6:30:02,48,Python script ejecutado 
14-03-2024, 6:40:02,50,Python script ejecutado 
14-03-2024, 6:50:02,52,Python script ejecutado 
14-03-2024, 7:00:03,18,Python script ejecutado 
14-03-2024, 7:10:02,55,Python script ejecutado 
14-03-2024, 7:20:02,76,Python script ejecutado 
14-03-2024, 7:30:02,92,Python script ejecutado 
14-03-2024, 7:40:02,70,Python script ejecutado 
14-03-2024, 7:50:02,83,Python script ejecutado 
14-03-2024, 8:00:03,84,Python script ejecutado 
14-03-2024, 8:10:02,98,Python script ejecutado 
14-03-2024, 8:20:03,42,Python script ejecutado 
14-03-2024, 8:30:03,34,Python script ejecutado 
14-03-2024, 8:40:03,63,Python script ejecutado 
14-03-2024, 8:50:03,69,Python script ejecutado 
14-03-2024,10:06:51,27,Python script ejecutado 
14-03-2024,10:20:02,70,Python script ejecutado 
14-03-2024,12:10:02,80,Python script ejecutado 
14-03-2024,12:40:02,74,Python script ejecutado 
14-03-2024,15:30:03,22,Python script ejecutado 
14-03-2024,16:30:02,86,Python script ejecutado 
14-03-2024,17:30:02,53,Python script ejecutado 
14-03-2024,22:10:02,65,Python script ejecutado 
14-03-2024,22:30:02,57,Python script ejecutado 
14-03-2024,23:20:02,59,Python script ejecutado 
15-03-2024, 3:20:07,14,Python script ejecutado 
15-03-2024, 3:40:15,85,Python script ejecutado 
15-03-2024, 4:00:08,34,Python script ejecutado 
15-03-2024, 5:00:08,90,Python script ejecutado 
15-03-2024, 5:10:07,22,Python script ejecutado 
15-03-2024, 8:10:06,65,Python script ejecutado 
15-03-2024, 9:40:02,99,Python script ejecutado 
15-03-2024, 9:50:03,10,Python script ejecutado 
15-03-2024,10:00:02,89,Python script ejecutado 
15-03-2024,10:10:04,23,Python script ejecutado 
15-03-2024,11:00:02,72,Python script ejecutado 
15-03-2024,11:10:09,54,Python script ejecutado 
15-03-2024,11:20:12,50,Python script ejecutado 
15-03-2024,11:40:04,57,Python script ejecutado 
15-03-2024,11:50:02,57,Python script ejecutado 
15-03-2024,12:00:03,25,Python script ejecutado 
15-03-2024,12:20:02,57,Python script ejecutado 
15-03-2024,12:30:02,59,Python script ejecutado 
15-03-2024,12:40:02,67,Python script ejecutado 
15-03-2024,12:50:03,02,Python script ejecutado 
15-03-2024,13:30:02,87,Python script ejecutado 
15-03-2024,13:40:02,58,Python script ejecutado 
15-03-2024,13:50:02,61,Python script ejecutado 
15-03-2024,14:10:02,61,Python script ejecutado 
15-03-2024,14:30:04,98,Python script ejecutado 
15-03-2024,14:50:02,75,Python script ejecutado 
15-03-2024,15:00:03,28,Python script ejecutado 
15-03-2024,15:10:02,68,Python script ejecutado 
15-03-2024,15:20:02,69,Python script ejecutado 
15-03-2024,15:30:02,60,Python script ejecutado 
15-03-2024,15:40:02,70,Python script ejecutado 
15-03-2024,16:00:02,90,Python script ejecutado 
15-03-2024,16:10:02,65,Python script ejecutado 
15-03-2024,16:20:02,63,Python script ejecutado 
15-03-2024,16:30:02,64,Python script ejecutado 
15-03-2024,16:40:02,68,Python script ejecutado 
15-03-2024,16:50:02,76,Python script ejecutado 
15-03-2024,17:10:02,59,Python script ejecutado 
15-03-2024,17:20:02,55,Python script ejecutado 
15-03-2024,17:30:02,75,Python script ejecutado 
15-03-2024,17:40:02,65,Python script ejecutado 
15-03-2024,17:50:02,50,Python script ejecutado 
15-03-2024,18:00:03,17,Python script ejecutado 
15-03-2024,18:10:02,59,Python script ejecutado 
15-03-2024,18:20:02,62,Python script ejecutado 
15-03-2024,18:30:02,69,Python script ejecutado 
15-03-2024,18:40:02,61,Python script ejecutado 
15-03-2024,18:50:02,61,Python script ejecutado 
15-03-2024,19:00:02,70,Python script ejecutado 
15-03-2024,19:10:02,77,Python script ejecutado 
15-03-2024,19:20:02,86,Python script ejecutado 
15-03-2024,19:30:02,72,Python script ejecutado 
15-03-2024,19:40:02,52,Python script ejecutado 
15-03-2024,19:50:02,68,Python script ejecutado 
15-03-2024,20:00:02,89,Python script ejecutado 
15-03-2024,20:20:02,75,Python script ejecutado 
15-03-2024,20:30:02,57,Python script ejecutado 
15-03-2024,20:40:02,91,Python script ejecutado 
15-03-2024,20:50:02,68,Python script ejecutado 
15-03-2024,21:00:03,63,Python script ejecutado 
15-03-2024,21:10:02,55,Python script ejecutado 
15-03-2024,21:30:02,65,Python script ejecutado 
15-03-2024,21:40:02,68,Python script ejecutado 
15-03-2024,21:50:02,66,Python script ejecutado 
15-03-2024,22:00:03,27,Python script ejecutado 
15-03-2024,22:10:02,79,Python script ejecutado 
15-03-2024,22:30:02,76,Python script ejecutado 
15-03-2024,22:40:02,64,Python script ejecutado 
15-03-2024,22:50:02,43,Python script ejecutado 
15-03-2024,23:00:03,17,Python script ejecutado 
15-03-2024,23:10:02,59,Python script ejecutado 
15-03-2024,23:20:02,69,Python script ejecutado 
15-03-2024,23:30:02,74,Python script ejecutado 
15-03-2024,23:40:02,70,Python script ejecutado 
16-03-2024, 0:00:03,39,Python script ejecutado 
16-03-2024, 0:10:02,63,Python script ejecutado 
16-03-2024, 0:20:02,89,Python script ejecutado 
16-03-2024, 0:30:02,68,Python script ejecutado 
16-03-2024, 0:40:02,74,Python script ejecutado 
16-03-2024, 0:50:02,60,Python script ejecutado 
16-03-2024, 1:00:02,96,Python script ejecutado 
16-03-2024, 1:10:02,80,Python script ejecutado 
16-03-2024, 1:20:02,82,Python script ejecutado 
16-03-2024, 1:40:02,83,Python script ejecutado 
16-03-2024, 1:50:02,62,Python script ejecutado 
16-03-2024, 2:00:03,23,Python script ejecutado 
16-03-2024, 2:10:02,73,Python script ejecutado 
16-03-2024, 2:50:02,63,Python script ejecutado 
16-03-2024, 3:00:02,83,Python script ejecutado 
16-03-2024, 3:10:02,59,Python script ejecutado 
16-03-2024, 3:30:04,18,Python script ejecutado 
16-03-2024, 3:40:02,71,Python script ejecutado 
16-03-2024, 3:50:02,50,Python script ejecutado 
16-03-2024, 6:10:08,02,Python script ejecutado 
16-03-2024, 8:40:02,63,Python script ejecutado 
16-03-2024, 9:50:02,86,Python script ejecutado 
16-03-2024,10:00:07,95,Python script ejecutado 
16-03-2024,12:10:05,48,Python script ejecutado 
16-03-2024,12:20:02,60,Python script ejecutado 
16-03-2024,12:30:08,92,Python script ejecutado 
16-03-2024,12:40:03,80,Python script ejecutado 
16-03-2024,12:50:02,51,Python script ejecutado 
16-03-2024,13:00:03,18,Python script ejecutado 
16-03-2024,13:10:02,62,Python script ejecutado 
16-03-2024,14:00:02,86,Python script ejecutado 
16-03-2024,14:20:08,43,Python script ejecutado 
16-03-2024,14:40:02,59,Python script ejecutado 
16-03-2024,14:50:03,12,Python script ejecutado 
16-03-2024,15:00:02,86,Python script ejecutado 
16-03-2024,15:10:02,72,Python script ejecutado 
16-03-2024,15:20:02,71,Python script ejecutado 
16-03-2024,15:30:02,69,Python script ejecutado 
16-03-2024,15:40:02,69,Python script ejecutado 
16-03-2024,15:50:02,64,Python script ejecutado 
16-03-2024,16:00:03,23,Python script ejecutado 
16-03-2024,16:20:02,55,Python script ejecutado 
16-03-2024,16:30:02,68,Python script ejecutado 
16-03-2024,16:50:02,59,Python script ejecutado 
16-03-2024,17:10:02,66,Python script ejecutado 
16-03-2024,17:20:02,58,Python script ejecutado 
16-03-2024,17:30:02,63,Python script ejecutado 
16-03-2024,17:40:02,77,Python script ejecutado 
16-03-2024,17:50:02,56,Python script ejecutado 
16-03-2024,18:00:02,89,Python script ejecutado 
16-03-2024,18:10:02,62,Python script ejecutado 
16-03-2024,18:20:02,66,Python script ejecutado 
16-03-2024,18:30:02,88,Python script ejecutado 
16-03-2024,18:40:02,57,Python script ejecutado 
16-03-2024,18:50:02,68,Python script ejecutado 
16-03-2024,19:00:03,13,Python script ejecutado 
16-03-2024,19:10:02,70,Python script ejecutado 
16-03-2024,19:20:02,68,Python script ejecutado 
16-03-2024,19:30:02,70,Python script ejecutado 
16-03-2024,19:40:02,56,Python script ejecutado 
16-03-2024,19:50:02,59,Python script ejecutado 
16-03-2024,20:10:02,56,Python script ejecutado 
16-03-2024,20:20:02,46,Python script ejecutado 
16-03-2024,20:40:02,56,Python script ejecutado 
16-03-2024,20:50:02,61,Python script ejecutado 
16-03-2024,21:00:03,01,Python script ejecutado 
16-03-2024,21:10:02,74,Python script ejecutado 
16-03-2024,21:20:02,53,Python script ejecutado 
16-03-2024,21:50:02,52,Python script ejecutado 
16-03-2024,22:00:02,91,Python script ejecutado 
16-03-2024,22:10:02,54,Python script ejecutado 
16-03-2024,22:20:02,72,Python script ejecutado 
16-03-2024,22:30:02,41,Python script ejecutado 
16-03-2024,22:40:02,73,Python script ejecutado 
16-03-2024,23:00:02,78,Python script ejecutado 
16-03-2024,23:10:02,68,Python script ejecutado 
16-03-2024,23:20:02,73,Python script ejecutado 
16-03-2024,23:40:02,55,Python script ejecutado 
17-03-2024, 0:00:02,80,Python script ejecutado 
17-03-2024, 0:20:06,73,Python script ejecutado 
17-03-2024, 0:30:02,65,Python script ejecutado 
17-03-2024, 0:40:02,60,Python script ejecutado 
17-03-2024, 0:50:02,65,Python script ejecutado 
17-03-2024, 1:00:02,91,Python script ejecutado 
17-03-2024, 1:10:02,68,Python script ejecutado 
17-03-2024, 1:30:02,73,Python script ejecutado 
17-03-2024, 1:40:02,71,Python script ejecutado 
17-03-2024, 1:50:02,59,Python script ejecutado 
17-03-2024, 2:00:02,80,Python script ejecutado 
17-03-2024, 2:10:02,66,Python script ejecutado 
17-03-2024, 2:20:02,65,Python script ejecutado 
17-03-2024, 2:40:02,55,Python script ejecutado 
17-03-2024, 3:20:02,61,Python script ejecutado 
17-03-2024, 3:30:02,79,Python script ejecutado 
17-03-2024, 3:40:02,61,Python script ejecutado 
17-03-2024, 3:50:05,86,Python script ejecutado 
17-03-2024, 4:10:02,60,Python script ejecutado 
17-03-2024, 4:30:02,61,Python script ejecutado 
17-03-2024, 4:50:02,62,Python script ejecutado 
17-03-2024, 5:00:02,79,Python script ejecutado 
17-03-2024, 5:20:02,93,Python script ejecutado 
17-03-2024, 5:50:02,61,Python script ejecutado 
17-03-2024, 6:00:02,71,Python script ejecutado 
17-03-2024, 6:10:02,80,Python script ejecutado 
17-03-2024, 6:20:02,54,Python script ejecutado 
17-03-2024, 6:30:02,75,Python script ejecutado 
17-03-2024, 6:40:02,81,Python script ejecutado 
17-03-2024, 7:10:02,58,Python script ejecutado 
17-03-2024, 7:40:02,78,Python script ejecutado 
17-03-2024, 8:00:04,09,Python script ejecutado 
17-03-2024, 8:10:02,60,Python script ejecutado 
17-03-2024, 9:10:03,69,Python script ejecutado 
17-03-2024, 9:30:02,67,Python script ejecutado 
17-03-2024, 9:40:03,62,Python script ejecutado 
17-03-2024, 9:50:02,66,Python script ejecutado 
17-03-2024,10:10:07,94,Python script ejecutado 
17-03-2024,10:50:02,72,Python script ejecutado 
17-03-2024,11:10:02,84,Python script ejecutado 
17-03-2024,11:20:02,61,Python script ejecutado 
17-03-2024,11:30:02,62,Python script ejecutado 
17-03-2024,12:00:04,25,Python script ejecutado 
17-03-2024,12:10:04,26,Python script ejecutado 
17-03-2024,12:30:02,70,Python script ejecutado 
17-03-2024,12:40:02,61,Python script ejecutado 
17-03-2024,13:00:03,22,Python script ejecutado 
17-03-2024,13:10:02,70,Python script ejecutado 
17-03-2024,13:20:02,69,Python script ejecutado 
17-03-2024,13:30:02,71,Python script ejecutado 
17-03-2024,13:50:04,13,Python script ejecutado 
17-03-2024,14:10:03,12,Python script ejecutado 
17-03-2024,14:30:02,73,Python script ejecutado 
17-03-2024,14:50:02,76,Python script ejecutado 
17-03-2024,15:00:03,03,Python script ejecutado 
17-03-2024,15:10:02,60,Python script ejecutado 
17-03-2024,15:20:02,61,Python script ejecutado 
17-03-2024,15:50:02,60,Python script ejecutado 
17-03-2024,16:00:02,92,Python script ejecutado 
17-03-2024,16:10:02,65,Python script ejecutado 
17-03-2024,16:30:02,94,Python script ejecutado 
17-03-2024,16:40:02,75,Python script ejecutado 
17-03-2024,16:50:02,61,Python script ejecutado 
17-03-2024,17:00:03,08,Python script ejecutado 
17-03-2024,17:10:02,63,Python script ejecutado 
17-03-2024,17:20:02,66,Python script ejecutado 
17-03-2024,17:30:02,61,Python script ejecutado 
17-03-2024,17:40:07,78,Python script ejecutado 
17-03-2024,17:50:02,60,Python script ejecutado 
17-03-2024,18:00:02,98,Python script ejecutado 
17-03-2024,18:10:02,69,Python script ejecutado 
17-03-2024,18:30:02,74,Python script ejecutado 
17-03-2024,18:50:06,50,Python script ejecutado 
17-03-2024,19:00:02,95,Python script ejecutado 
17-03-2024,19:50:02,68,Python script ejecutado 
17-03-2024,20:00:02,88,Python script ejecutado 
17-03-2024,20:20:02,69,Python script ejecutado 
17-03-2024,20:40:03,09,Python script ejecutado 
17-03-2024,20:50:06,21,Python script ejecutado 
17-03-2024,21:00:05,71,Python script ejecutado 
17-03-2024,21:30:03,08,Python script ejecutado 
17-03-2024,21:50:05,06,Python script ejecutado 
17-03-2024,22:10:02,56,Python script ejecutado 
17-03-2024,22:30:06,35,Python script ejecutado 
17-03-2024,23:00:02,82,Python script ejecutado 
17-03-2024,23:20:02,74,Python script ejecutado 
17-03-2024,23:30:02,69,Python script ejecutado 
18-03-2024, 0:00:03,07,Python script ejecutado 
18-03-2024, 0:30:02,87,Python script ejecutado 
18-03-2024, 1:00:03,34,Python script ejecutado 
18-03-2024, 1:20:02,65,Python script ejecutado 
18-03-2024, 1:40:02,85,Python script ejecutado 
18-03-2024, 2:10:02,67,Python script ejecutado 
18-03-2024, 2:20:02,73,Python script ejecutado 
18-03-2024, 3:00:02,89,Python script ejecutado 
18-03-2024, 3:20:02,78,Python script ejecutado 
18-03-2024, 3:30:06,10,Python script ejecutado 
18-03-2024, 3:50:02,68,Python script ejecutado 
18-03-2024, 4:00:03,80,Python script ejecutado 
18-03-2024, 4:10:02,74,Python script ejecutado 
18-03-2024, 4:20:02,86,Python script ejecutado 
18-03-2024, 4:40:02,67,Python script ejecutado 
18-03-2024, 4:50:02,81,Python script ejecutado 
18-03-2024, 5:00:02,81,Python script ejecutado 
18-03-2024, 5:10:02,77,Python script ejecutado 
18-03-2024, 5:30:02,81,Python script ejecutado 
18-03-2024, 5:40:06,98,Python script ejecutado 
18-03-2024, 5:50:02,70,Python script ejecutado 
18-03-2024, 6:00:03,40,Python script ejecutado 
18-03-2024, 6:10:05,86,Python script ejecutado 
18-03-2024, 6:20:02,83,Python script ejecutado 
18-03-2024, 6:40:02,87,Python script ejecutado 
18-03-2024, 6:50:02,84,Python script ejecutado 
18-03-2024, 7:00:02,94,Python script ejecutado 
18-03-2024, 7:20:02,80,Python script ejecutado 
18-03-2024, 7:40:05,87,Python script ejecutado 
18-03-2024, 7:50:02,82,Python script ejecutado 
18-03-2024, 8:00:02,98,Python script ejecutado 
18-03-2024, 8:10:05,64,Python script ejecutado 
18-03-2024, 8:30:03,92,Python script ejecutado 
18-03-2024, 8:40:02,67,Python script ejecutado 
18-03-2024, 8:50:02,76,Python script ejecutado 
18-03-2024, 9:00:03,25,Python script ejecutado 
18-03-2024, 9:20:02,74,Python script ejecutado 
18-03-2024, 9:30:02,74,Python script ejecutado 
18-03-2024, 9:40:02,87,Python script ejecutado 
18-03-2024,10:00:03,12,Python script ejecutado 
18-03-2024,10:10:02,91,Python script ejecutado 
18-03-2024,10:20:02,80,Python script ejecutado 
18-03-2024,10:30:02,81,Python script ejecutado 
18-03-2024,10:40:02,94,Python script ejecutado 
18-03-2024,11:00:03,10,Python script ejecutado 
18-03-2024,11:20:02,75,Python script ejecutado 
18-03-2024,11:30:03,20,Python script ejecutado 
18-03-2024,11:40:02,85,Python script ejecutado 
18-03-2024,12:10:02,85,Python script ejecutado 
18-03-2024,12:30:02,73,Python script ejecutado 
18-03-2024,12:40:03,44,Python script ejecutado 
18-03-2024,12:50:02,77,Python script ejecutado 
18-03-2024,13:00:03,00,Python script ejecutado 
18-03-2024,13:10:02,72,Python script ejecutado 
18-03-2024,13:20:03,78,Python script ejecutado 
18-03-2024,13:30:03,69,Python script ejecutado 
18-03-2024,13:40:02,81,Python script ejecutado 
18-03-2024,14:00:03,08,Python script ejecutado 
18-03-2024,14:10:02,77,Python script ejecutado 
18-03-2024,14:20:02,95,Python script ejecutado 
18-03-2024,14:30:02,80,Python script ejecutado 
18-03-2024,14:40:02,81,Python script ejecutado 
18-03-2024,14:50:02,74,Python script ejecutado 
18-03-2024,15:10:02,75,Python script ejecutado 
18-03-2024,15:20:08,03,Python script ejecutado 
18-03-2024,15:30:02,85,Python script ejecutado 
18-03-2024,15:50:02,75,Python script ejecutado 
18-03-2024,16:00:03,57,Python script ejecutado 
18-03-2024,16:10:02,81,Python script ejecutado 
18-03-2024,16:30:02,78,Python script ejecutado 
18-03-2024,17:20:06,82,Python script ejecutado 
18-03-2024,17:30:03,86,Python script ejecutado 
18-03-2024,19:50:06,42,Python script ejecutado 
19-03-2024, 6:40:06,98,Python script ejecutado 
19-03-2024, 7:30:07,01,Python script ejecutado 
19-03-2024, 8:00:07,95,Python script ejecutado 
19-03-2024,10:10:02,48,Python script ejecutado 
19-03-2024,11:40:06,34,Python script ejecutado 
19-03-2024,13:00:03,18,Python script ejecutado 
19-03-2024,13:20:02,69,Python script ejecutado 
19-03-2024,13:50:02,78,Python script ejecutado 
19-03-2024,14:10:04,90,Python script ejecutado 
19-03-2024,14:50:02,85,Python script ejecutado 
19-03-2024,17:40:02,84,Python script ejecutado 
19-03-2024,18:40:02,90,Python script ejecutado 
19-03-2024,19:10:07,71,Python script ejecutado 
19-03-2024,19:30:09,15,Python script ejecutado 
19-03-2024,19:40:02,84,Python script ejecutado 
19-03-2024,22:30:02,73,Python script ejecutado 
19-03-2024,22:50:02,75,Python script ejecutado 
19-03-2024,22:30:02,45,Python script ejecutado 
19-03-2024,23:10:08,82,Python script ejecutado 
19-03-2024,23:40:02,94,Python script ejecutado 
20-03-2024, 0:10:02,74,Python script ejecutado 
20-03-2024, 1:50:03,97,Python script ejecutado 
20-03-2024, 2:50:02,81,Python script ejecutado 
20-03-2024, 3:40:02,74,Python script ejecutado 
20-03-2024, 5:10:02,74,Python script ejecutado 
20-03-2024, 6:00:03,56,Python script ejecutado 
20-03-2024, 6:10:03,78,Python script ejecutado 
20-03-2024, 6:20:02,81,Python script ejecutado 
20-03-2024, 6:30:02,75,Python script ejecutado 
20-03-2024, 6:40:02,70,Python script ejecutado 
20-03-2024, 6:50:02,84,Python script ejecutado 
20-03-2024, 7:00:03,19,Python script ejecutado 
20-03-2024, 7:10:02,84,Python script ejecutado 
20-03-2024, 7:20:02,70,Python script ejecutado 
20-03-2024, 7:30:02,74,Python script ejecutado 
20-03-2024, 7:40:02,82,Python script ejecutado 
20-03-2024, 7:50:02,74,Python script ejecutado 
20-03-2024, 8:00:02,86,Python script ejecutado 
20-03-2024, 8:10:03,38,Python script ejecutado 
20-03-2024, 8:20:02,65,Python script ejecutado 
20-03-2024, 8:30:02,88,Python script ejecutado 
20-03-2024, 8:40:02,87,Python script ejecutado 
20-03-2024, 8:50:02,76,Python script ejecutado 
20-03-2024, 9:00:03,25,Python script ejecutado 
20-03-2024, 9:10:02,78,Python script ejecutado 
20-03-2024, 9:20:02,72,Python script ejecutado 
20-03-2024, 9:30:02,93,Python script ejecutado 
20-03-2024, 9:40:03,20,Python script ejecutado 
20-03-2024, 9:50:02,99,Python script ejecutado 
20-03-2024,10:00:03,45,Python script ejecutado 
20-03-2024,10:10:02,59,Python script ejecutado 
20-03-2024,10:20:02,86,Python script ejecutado 
20-03-2024,10:30:02,68,Python script ejecutado 
20-03-2024,10:40:02,72,Python script ejecutado 
20-03-2024,10:50:02,90,Python script ejecutado 
20-03-2024,11:00:03,29,Python script ejecutado 
20-03-2024,11:10:02,82,Python script ejecutado 
20-03-2024,11:20:02,80,Python script ejecutado 
20-03-2024,11:30:02,86,Python script ejecutado 
20-03-2024,11:40:02,72,Python script ejecutado 
20-03-2024,11:50:02,82,Python script ejecutado 
20-03-2024,12:00:03,04,Python script ejecutado 
20-03-2024,12:10:02,78,Python script ejecutado 
20-03-2024,12:20:02,75,Python script ejecutado 
20-03-2024,12:30:02,78,Python script ejecutado 
20-03-2024,12:40:02,72,Python script ejecutado 
20-03-2024,12:50:02,70,Python script ejecutado 
20-03-2024,13:00:03,11,Python script ejecutado 
20-03-2024,13:10:02,69,Python script ejecutado 
20-03-2024,13:20:02,77,Python script ejecutado 
20-03-2024,13:30:02,76,Python script ejecutado 
20-03-2024,13:40:02,69,Python script ejecutado 
20-03-2024,13:50:02,74,Python script ejecutado 
20-03-2024,14:00:03,18,Python script ejecutado 
20-03-2024,14:10:02,76,Python script ejecutado 
20-03-2024,14:20:02,70,Python script ejecutado 
20-03-2024,14:30:03,07,Python script ejecutado 
20-03-2024,14:40:02,79,Python script ejecutado 
20-03-2024,14:50:02,74,Python script ejecutado 
20-03-2024,15:00:03,54,Python script ejecutado 
20-03-2024,15:10:02,77,Python script ejecutado 
20-03-2024,15:20:02,70,Python script ejecutado 
20-03-2024,15:30:02,91,Python script ejecutado 
20-03-2024,15:40:03,27,Python script ejecutado 
20-03-2024,15:50:02,80,Python script ejecutado 
20-03-2024,16:00:02,95,Python script ejecutado 
20-03-2024,16:10:02,82,Python script ejecutado 
20-03-2024,16:20:02,70,Python script ejecutado 
20-03-2024,16:30:02,82,Python script ejecutado 
20-03-2024,16:40:02,79,Python script ejecutado 
20-03-2024,16:50:02,71,Python script ejecutado 
20-03-2024,17:00:03,28,Python script ejecutado 
20-03-2024,17:10:02,74,Python script ejecutado 
20-03-2024,17:20:02,74,Python script ejecutado 
20-03-2024,17:30:02,84,Python script ejecutado 
20-03-2024,17:40:02,78,Python script ejecutado 
20-03-2024,17:50:02,81,Python script ejecutado 
20-03-2024,18:00:03,28,Python script ejecutado 
20-03-2024,18:10:02,73,Python script ejecutado 
20-03-2024,18:20:02,67,Python script ejecutado 
20-03-2024,18:30:02,65,Python script ejecutado 
20-03-2024,18:40:02,73,Python script ejecutado 
20-03-2024,18:50:02,67,Python script ejecutado 
20-03-2024,19:00:03,35,Python script ejecutado 
20-03-2024,19:10:02,77,Python script ejecutado 
20-03-2024,19:20:02,73,Python script ejecutado 
20-03-2024,19:30:02,79,Python script ejecutado 
20-03-2024,19:40:02,76,Python script ejecutado 
20-03-2024,19:50:02,71,Python script ejecutado 
20-03-2024,20:00:03,38,Python script ejecutado 
20-03-2024,20:10:02,73,Python script ejecutado 
20-03-2024,20:20:02,67,Python script ejecutado 
20-03-2024,20:30:02,87,Python script ejecutado 
20-03-2024,20:40:02,74,Python script ejecutado 
20-03-2024,20:50:02,72,Python script ejecutado 
20-03-2024,21:00:02,95,Python script ejecutado 
20-03-2024,21:10:02,72,Python script ejecutado 
20-03-2024,21:20:02,77,Python script ejecutado 
20-03-2024,21:30:02,77,Python script ejecutado 
20-03-2024,21:40:02,74,Python script ejecutado 
20-03-2024,21:50:02,76,Python script ejecutado 
20-03-2024,22:00:03,18,Python script ejecutado 
20-03-2024,22:10:02,85,Python script ejecutado 
20-03-2024,22:20:02,78,Python script ejecutado 
20-03-2024,22:30:02,58,Python script ejecutado 
20-03-2024,22:30:02,86,Python script ejecutado 
20-03-2024,22:40:02,82,Python script ejecutado 
20-03-2024,22:50:02,74,Python script ejecutado 
20-03-2024,23:00:02,94,Python script ejecutado 
20-03-2024,23:10:02,74,Python script ejecutado 
20-03-2024,23:20:02,74,Python script ejecutado 
20-03-2024,23:30:02,76,Python script ejecutado 
20-03-2024,23:40:02,74,Python script ejecutado 
20-03-2024,23:50:02,72,Python script ejecutado 
21-03-2024, 0:00:03,25,Python script ejecutado 
21-03-2024, 0:10:02,82,Python script ejecutado 
21-03-2024, 0:20:02,73,Python script ejecutado 
21-03-2024, 0:30:02,80,Python script ejecutado 
21-03-2024, 0:40:02,74,Python script ejecutado 
21-03-2024, 0:50:02,74,Python script ejecutado 
21-03-2024, 1:00:03,21,Python script ejecutado 
21-03-2024, 1:10:02,82,Python script ejecutado 
21-03-2024, 1:20:02,75,Python script ejecutado 
21-03-2024, 1:30:02,81,Python script ejecutado 
21-03-2024, 1:40:02,74,Python script ejecutado 
21-03-2024, 1:50:02,71,Python script ejecutado 
21-03-2024, 2:00:03,06,Python script ejecutado 
21-03-2024, 2:10:02,78,Python script ejecutado 
21-03-2024, 2:20:02,75,Python script ejecutado 
21-03-2024, 2:30:02,80,Python script ejecutado 
21-03-2024, 2:40:02,79,Python script ejecutado 
21-03-2024, 2:50:02,70,Python script ejecutado 
21-03-2024, 3:00:02,83,Python script ejecutado 
21-03-2024, 3:10:02,79,Python script ejecutado 
21-03-2024, 3:20:02,80,Python script ejecutado 
21-03-2024, 3:30:03,09,Python script ejecutado 
21-03-2024, 3:40:02,76,Python script ejecutado 
21-03-2024, 3:50:02,77,Python script ejecutado 
21-03-2024, 4:00:03,31,Python script ejecutado 
21-03-2024, 4:10:02,73,Python script ejecutado 
21-03-2024, 4:20:02,75,Python script ejecutado 
21-03-2024, 4:30:02,88,Python script ejecutado 
21-03-2024, 4:40:02,79,Python script ejecutado 
21-03-2024, 4:50:02,81,Python script ejecutado 
21-03-2024, 5:00:03,07,Python script ejecutado 
21-03-2024, 5:10:03,19,Python script ejecutado 
21-03-2024, 5:20:03,28,Python script ejecutado 
21-03-2024, 5:30:02,92,Python script ejecutado 
21-03-2024, 5:40:02,77,Python script ejecutado 
21-03-2024, 5:50:02,92,Python script ejecutado 
21-03-2024, 6:00:03,41,Python script ejecutado 
21-03-2024, 6:10:02,81,Python script ejecutado 
21-03-2024, 6:20:02,77,Python script ejecutado 
21-03-2024, 6:30:02,79,Python script ejecutado 
21-03-2024, 6:40:02,78,Python script ejecutado 
21-03-2024, 6:50:02,76,Python script ejecutado 
21-03-2024, 7:00:03,26,Python script ejecutado 
21-03-2024, 7:10:02,78,Python script ejecutado 
21-03-2024, 7:20:02,76,Python script ejecutado 
21-03-2024, 7:30:02,82,Python script ejecutado 
21-03-2024, 7:40:02,74,Python script ejecutado 
21-03-2024, 7:50:02,82,Python script ejecutado 
21-03-2024, 8:00:02,30,Python script ejecutado 
21-03-2024, 8:10:02,80,Python script ejecutado 
21-03-2024, 8:20:02,77,Python script ejecutado 
21-03-2024, 8:30:02,66,Python script ejecutado 
21-03-2024, 8:40:02,76,Python script ejecutado 
21-03-2024, 8:50:02,73,Python script ejecutado 
21-03-2024, 9:00:03,23,Python script ejecutado 
21-03-2024, 9:10:02,78,Python script ejecutado 
21-03-2024, 9:20:02,74,Python script ejecutado 
21-03-2024, 9:30:02,74,Python script ejecutado 
21-03-2024, 9:40:02,86,Python script ejecutado 
21-03-2024, 9:50:02,80,Python script ejecutado 
21-03-2024,10:00:03,32,Python script ejecutado 
21-03-2024,10:10:02,33,Python script ejecutado 
21-03-2024,10:20:02,76,Python script ejecutado 
21-03-2024,10:30:02,78,Python script ejecutado 
21-03-2024,10:40:02,73,Python script ejecutado 
21-03-2024,10:50:02,81,Python script ejecutado 
21-03-2024,11:00:03,07,Python script ejecutado 
21-03-2024,11:10:02,86,Python script ejecutado 
21-03-2024,11:20:02,70,Python script ejecutado 
21-03-2024,11:30:02,80,Python script ejecutado 
21-03-2024,11:40:02,76,Python script ejecutado 
21-03-2024,11:50:02,84,Python script ejecutado 
21-03-2024,12:00:03,27,Python script ejecutado 
21-03-2024,12:10:02,75,Python script ejecutado 
21-03-2024,12:20:02,78,Python script ejecutado 
21-03-2024,12:30:02,73,Python script ejecutado 
21-03-2024,12:40:02,78,Python script ejecutado 
21-03-2024,12:50:02,78,Python script ejecutado 
21-03-2024,13:00:03,33,Python script ejecutado 
21-03-2024,13:10:02,83,Python script ejecutado 
21-03-2024,13:20:02,74,Python script ejecutado 
21-03-2024,13:30:02,78,Python script ejecutado 
21-03-2024,13:40:02,72,Python script ejecutado 
21-03-2024,13:50:02,77,Python script ejecutado 
21-03-2024,14:00:03,29,Python script ejecutado 
21-03-2024,14:10:02,81,Python script ejecutado 
21-03-2024,14:20:02,75,Python script ejecutado 
21-03-2024,14:30:02,76,Python script ejecutado 
21-03-2024,14:40:02,75,Python script ejecutado 
21-03-2024,14:50:02,79,Python script ejecutado 
21-03-2024,15:00:03,46,Python script ejecutado 
21-03-2024,15:10:02,77,Python script ejecutado 
21-03-2024,15:20:02,79,Python script ejecutado 
21-03-2024,15:30:02,76,Python script ejecutado 
21-03-2024,15:40:02,75,Python script ejecutado 
21-03-2024,15:50:02,77,Python script ejecutado 
21-03-2024,16:00:03,17,Python script ejecutado 
21-03-2024,16:10:02,77,Python script ejecutado 
21-03-2024,16:20:02,88,Python script ejecutado 
21-03-2024,16:30:02,77,Python script ejecutado 
21-03-2024,16:40:02,79,Python script ejecutado 
21-03-2024,16:50:02,77,Python script ejecutado 
21-03-2024,17:00:03,02,Python script ejecutado 
21-03-2024,17:10:02,81,Python script ejecutado 
21-03-2024,17:20:02,78,Python script ejecutado 
21-03-2024,17:30:02,76,Python script ejecutado 
21-03-2024,17:40:03,15,Python script ejecutado 
21-03-2024,17:50:02,71,Python script ejecutado 
21-03-2024,18:00:04,67,Python script ejecutado 
21-03-2024,18:10:02,72,Python script ejecutado 
21-03-2024,18:20:02,80,Python script ejecutado 
21-03-2024,18:30:02,76,Python script ejecutado 
21-03-2024,18:40:02,83,Python script ejecutado 
21-03-2024,18:50:02,70,Python script ejecutado 
21-03-2024,19:00:03,35,Python script ejecutado 
21-03-2024,19:10:02,70,Python script ejecutado 
21-03-2024,19:20:02,77,Python script ejecutado 
21-03-2024,19:30:02,78,Python script ejecutado 
21-03-2024,19:40:02,75,Python script ejecutado 
21-03-2024,19:50:02,75,Python script ejecutado 
21-03-2024,20:00:03,09,Python script ejecutado 
21-03-2024,20:10:02,72,Python script ejecutado 
21-03-2024,20:20:02,71,Python script ejecutado 
21-03-2024,20:30:02,75,Python script ejecutado 
21-03-2024,20:40:02,82,Python script ejecutado 
21-03-2024,20:50:02,81,Python script ejecutado 
21-03-2024,21:00:03,11,Python script ejecutado 
21-03-2024,21:10:02,81,Python script ejecutado 
21-03-2024,21:20:02,72,Python script ejecutado 
21-03-2024,21:30:02,87,Python script ejecutado 
21-03-2024,21:40:02,79,Python script ejecutado 
21-03-2024,21:50:02,77,Python script ejecutado 
21-03-2024,22:00:03,06,Python script ejecutado 
21-03-2024,22:10:02,74,Python script ejecutado 
21-03-2024,22:20:02,72,Python script ejecutado 
21-03-2024,22:30:02,57,Python script ejecutado 
21-03-2024,22:30:02,87,Python script ejecutado 
21-03-2024,22:40:02,84,Python script ejecutado 
21-03-2024,22:50:02,81,Python script ejecutado 
21-03-2024,23:00:02,78,Python script ejecutado 
21-03-2024,23:10:02,84,Python script ejecutado 
21-03-2024,23:20:02,83,Python script ejecutado 
21-03-2024,23:30:02,78,Python script ejecutado 
21-03-2024,23:40:02,81,Python script ejecutado 
21-03-2024,23:50:02,84,Python script ejecutado 
22-03-2024, 0:00:03,16,Python script ejecutado 
22-03-2024, 0:10:02,79,Python script ejecutado 
22-03-2024, 0:20:02,80,Python script ejecutado 
22-03-2024, 0:30:02,81,Python script ejecutado 
22-03-2024, 0:40:02,84,Python script ejecutado 
22-03-2024, 0:50:02,79,Python script ejecutado 
22-03-2024, 1:00:03,10,Python script ejecutado 
22-03-2024, 1:10:02,81,Python script ejecutado 
22-03-2024, 1:20:02,79,Python script ejecutado 
22-03-2024, 1:30:02,87,Python script ejecutado 
22-03-2024, 1:40:02,79,Python script ejecutado 
22-03-2024, 1:50:02,77,Python script ejecutado 
22-03-2024, 2:00:03,12,Python script ejecutado 
22-03-2024, 2:10:02,76,Python script ejecutado 
22-03-2024, 2:20:02,80,Python script ejecutado 
22-03-2024, 2:30:02,77,Python script ejecutado 
22-03-2024, 2:40:02,83,Python script ejecutado 
22-03-2024, 2:50:02,87,Python script ejecutado 
22-03-2024, 3:00:03,22,Python script ejecutado 
22-03-2024, 3:10:02,78,Python script ejecutado 
22-03-2024, 3:20:02,77,Python script ejecutado 
22-03-2024, 3:30:03,20,Python script ejecutado 
22-03-2024, 3:40:02,85,Python script ejecutado 
22-03-2024, 3:50:02,77,Python script ejecutado 
22-03-2024, 4:00:03,27,Python script ejecutado 
22-03-2024, 4:10:02,80,Python script ejecutado 
22-03-2024, 4:20:02,82,Python script ejecutado 
22-03-2024, 4:30:02,84,Python script ejecutado 
22-03-2024, 4:40:02,78,Python script ejecutado 
22-03-2024, 4:50:02,78,Python script ejecutado 
22-03-2024, 5:00:02,98,Python script ejecutado 
22-03-2024, 5:10:03,32,Python script ejecutado 
22-03-2024, 5:20:03,28,Python script ejecutado 
22-03-2024, 5:30:02,94,Python script ejecutado 
22-03-2024, 5:40:02,87,Python script ejecutado 
22-03-2024, 5:50:02,85,Python script ejecutado 
22-03-2024, 6:00:03,13,Python script ejecutado 
22-03-2024, 6:10:02,93,Python script ejecutado 
22-03-2024, 6:20:02,82,Python script ejecutado 
22-03-2024, 6:30:02,71,Python script ejecutado 
22-03-2024, 6:40:03,30,Python script ejecutado 
22-03-2024, 6:50:02,83,Python script ejecutado 
22-03-2024, 7:00:02,86,Python script ejecutado 
22-03-2024, 7:10:02,90,Python script ejecutado 
22-03-2024, 7:20:02,85,Python script ejecutado 
22-03-2024, 7:30:02,84,Python script ejecutado 
22-03-2024, 7:40:02,75,Python script ejecutado 
22-03-2024, 7:50:02,86,Python script ejecutado 
22-03-2024, 8:00:02,30,Python script ejecutado 
22-03-2024, 8:10:02,79,Python script ejecutado 
22-03-2024, 8:20:02,84,Python script ejecutado 
22-03-2024, 8:30:02,82,Python script ejecutado 
22-03-2024, 8:40:02,81,Python script ejecutado 
22-03-2024, 8:50:02,80,Python script ejecutado 
22-03-2024, 8:57:45,66,Python script ejecutado 
22-03-2024, 8:58:04,25,Python script ejecutado 
22-03-2024, 8:58:14,57,Python script ejecutado 
22-03-2024, 8:58:21,68,Python script ejecutado 
22-03-2024, 9:00:11,58,Python script ejecutado 
22-03-2024, 9:07:39,95,Python script ejecutado 
22-03-2024,12:10:02,86,Python script ejecutado 
22-03-2024,12:30:03,03,Python script ejecutado 
22-03-2024,12:40:02,95,Python script ejecutado 
22-03-2024,14:00:03,44,Python script ejecutado 
22-03-2024,15:10:02,88,Python script ejecutado 
22-03-2024,17:20:03,06,Python script ejecutado 
22-03-2024,18:10:03,40,Python script ejecutado 
22-03-2024,18:50:02,85,Python script ejecutado 
22-03-2024,20:00:03,29,Python script ejecutado 
22-03-2024,21:20:02,95,Python script ejecutado 
22-03-2024,22:20:02,84,Python script ejecutado 
22-03-2024,23:50:02,90,Python script ejecutado 
23-03-2024, 0:40:03,09,Python script ejecutado 
23-03-2024, 2:50:02,90,Python script ejecutado 
